CRIM,ZN,INDUS,CHAS,NOX,RM,AGE,DIS,RAD,TAX,PTRATIO,B,LSTAT,MEDV
0.39794,81,28.61,0,0.43,5.12,49.0,2.8437,15,439.2,27.2,303.61,29.49,11.1
0.62797,29,2.53,0,0.4,6.87,77.9,1.7624,2,152.2,19.2,22.95,17.94,10.4
0.46161,70,28.53,1,0.44,4.43,73.6,2.7301,6,487.3,25.8,235.16,19.33,27.6
0.3936,28,1.05,0,0.52,4.42,39.1,3.0472,18,336.8,28.2,381.62,9.16,23.5
0.27552,74,16.17,0,0.68,4.95,10.1,6.3102,8,587.8,21.4,393.75,29.82,12.8
0.51908,5,28.37,1,0.44,8.93,95.2,3.5436,6,568.1,28.3,231.36,1.41,35.2
0.28776,100,13.85,1,0.57,7.23,91.9,5.736,7,699.8,18.3,5.73,20.39,23.7
1.11176,100,3.31,1,0.56,6.15,18.2,5.0627,12,279.5,26.2,335.96,21.97,35.8
1.65746,84,29.06,1,0.45,5.51,20.3,5.8556,15,205.0,25.6,293.89,11.44,22.2
0.2418,55,13.55,1,0.64,6.9,78.8,2.6739,9,211.2,24.4,9.87,7.57,42.2
0.78445,50,24.47,1,0.41,6.27,78.7,8.6984,24,459.4,18.2,302.66,14.57,30.8
0.37634,86,20.45,0,0.42,6.31,96.5,7.6228,6,300.7,19.4,287.8,5.13,41.5
0.41972,53,12.17,0,0.65,5.92,99.8,1.6945,3,644.1,14.2,38.64,29.13,33.2
1.29913,10,29.47,0,0.5,5.21,49.8,9.0136,21,147.6,15.6,214.55,23.66,21.3
0.03684,43,19.71,0,0.7,4.42,96.0,4.1098,16,558.9,23.6,219.55,2.63,22.4
0.04558,59,22.72,0,0.47,7.43,81.6,9.7319,16,393.8,16.5,357.94,38.2,41.3
0.01021,30,0.65,0,0.67,4.89,75.6,7.8906,9,482.5,24.5,177.25,31.1,6.3
0.89374,59,18.28,0,0.57,6.13,36.6,5.9271,10,452.7,22.5,223.66,39.0,12.8
0.75289,14,28.36,1,0.52,6.94,85.0,8.4304,19,418.2,17.1,220.38,26.07,33.3
1.02016,48,7.26,0,0.63,4.73,91.9,9.103,9,519.0,13.4,207.75,37.74,38.5
1.92261,56,7.51,1,0.65,6.99,73.4,2.9501,16,427.4,16.4,341.26,32.32,43.4
0.80262,65,25.51,0,0.49,5.81,64.6,5.6771,6,653.5,17.3,378.65,13.04,39.7
0.30946,7,28.36,1,0.54,5.28,64.0,5.4287,7,431.0,22.9,365.97,30.41,49.2
0.75827,69,11.14,0,0.6,6.74,15.6,8.1712,17,651.8,11.2,78.58,5.74,46.4
0.06294,15,20.27,0,0.61,8.95,22.0,9.615,6,583.8,27.3,347.2,20.75,23.9
0.51072,52,27.47,0,0.49,7.84,22.9,5.5214,13,608.5,22.5,127.1,36.44,40.5
0.07736,32,2.85,1,0.43,5.43,16.3,6.0442,23,638.4,11.1,5.12,21.46,18.3
1.44721,87,14.55,0,0.52,6.51,47.8,4.809,22,221.5,15.0,213.25,37.92,46.8
0.36891,78,23.42,0,0.5,6.03,6.7,5.4836,5,305.5,13.0,37.71,15.89,49.9
0.26778,34,19.45,1,0.43,6.63,28.7,5.8009,15,639.6,21.6,199.72,21.44,38.1
0.15364,29,3.8,0,0.52,7.46,80.7,7.8232,23,189.5,21.4,295.91,23.21,20.1
0.74413,51,25.8,0,0.57,7.94,92.5,9.8593,14,394.1,17.3,338.31,38.46,48.3
0.30454,89,18.54,0,0.7,8.78,86.5,8.4313,18,162.8,25.2,129.13,28.6,6.8
0.42017,53,28.52,0,0.63,5.48,31.7,9.5604,16,191.5,11.2,335.52,24.2,23.5
0.00948,4,18.05,0,0.5,5.62,52.9,2.3195,17,453.3,26.5,22.85,3.56,28.0
0.48069,64,24.44,1,0.52,4.11,93.4,2.4994,9,337.7,27.8,246.25,9.7,28.2
0.4735,26,29.62,0,0.44,5.5,56.7,4.5717,14,354.2,13.7,139.83,5.81,15.1
0.47977,84,23.62,0,0.64,8.71,25.5,4.8121,22,404.9,28.8,219.5,20.94,23.1
1.43896,5,14.74,0,0.57,8.17,68.5,9.639,17,496.4,24.6,76.78,39.64,37.0
0.57257,88,17.65,0,0.54,4.59,63.3,7.8732,3,399.6,27.9,92.49,33.66,40.0
0.22276,17,17.2,1,0.54,8.82,8.2,9.5662,10,305.1,25.8,334.55,20.06,37.3
0.28727,68,1.48,1,0.47,8.44,77.0,4.0819,10,215.7,11.4,319.04,21.06,5.8
0.59805,56,11.56,1,0.48,8.29,9.0,6.3143,11,378.7,14.9,341.73,2.61,35.4
0.03106,32,12.67,0,0.5,8.62,62.9,8.9442,7,325.3,27.0,191.36,33.58,15.9
0.54946,81,3.89,1,0.4,6.67,69.1,3.9875,4,589.3,11.0,264.85,15.89,34.1
0.5553,72,1.24,1,0.56,8.85,59.3,2.5625,15,109.2,24.2,183.28,2.08,22.1
0.1181,73,0.14,0,0.7,4.13,37.3,3.3635,22,442.2,23.6,99.65,37.05,30.8
0.06901,100,10.7,0,0.5,6.81,60.6,3.3873,5,471.1,18.9,2.48,18.16,15.1
0.18948,31,7.28,1,0.54,5.87,55.3,9.097,18,692.7,21.5,367.92,27.31,35.5
0.22605,94,16.66,0,0.66,6.82,59.5,8.0363,14,631.2,15.2,278.84,22.06,45.6
0.42221,73,27.72,1,0.56,8.49,81.0,5.9418,21,410.5,21.8,312.73,31.8,20.1
0.28866,48,1.17,1,0.58,6.25,82.6,5.9177,11,273.1,23.8,29.65,38.53,7.9
2.22725,99,13.06,1,0.51,5.14,75.7,2.4553,13,106.1,17.7,353.16,25.22,47.3
0.05382,32,20.03,1,0.54,5.79,48.2,3.9799,24,244.5,13.0,58.69,5.56,29.7
0.11715,14,2.53,0,0.56,6.23,35.5,2.873,11,608.5,28.9,337.22,23.94,42.4
0.08796,61,18.36,0,0.63,6.27,87.8,4.759,18,684.0,29.8,305.89,2.24,47.6
0.52937,87,11.07,0,0.66,5.69,87.7,6.1226,8,520.6,11.4,295.53,14.45,44.4
0.14604,32,22.96,0,0.6,6.31,81.4,2.5122,23,462.3,11.1,274.88,3.89,28.4
0.31397,56,7.43,1,0.53,5.73,88.4,8.3693,8,463.7,17.3,81.0,12.14,49.0
0.14014,28,3.7,1,0.65,5.5,39.5,5.2781,22,489.9,28.8,263.12,36.05,24.7
0.08656,43,3.21,1,0.47,8.31,53.4,2.9033,19,101.1,17.6,43.44,9.26,16.2
0.05848,97,14.84,1,0.51,8.23,57.0,6.6053,7,322.0,14.6,343.85,31.52,44.1
0.53404,50,16.86,1,0.49,5.42,71.8,1.2955,24,297.6,29.5,80.15,16.46,44.7
0.07436,46,6.56,1,0.53,8.46,78.2,5.118,2,686.8,14.7,175.84,15.4,7.7
0.10944,72,16.52,0,0.62,6.12,56.2,1.576,9,100.4,23.7,362.42,33.93,38.2
0.23001,37,21.54,1,0.45,5.73,90.3,7.3195,5,541.8,12.2,318.17,17.09,20.1
0.86017,2,7.49,1,0.67,5.07,22.5,5.826,17,343.2,22.6,15.25,39.31,43.7
0.05107,17,0.3,0,0.57,7.56,40.9,6.5309,20,138.9,12.9,195.4,8.76,15.9
0.90991,15,24.93,0,0.53,4.15,5.7,1.7509,15,316.6,15.6,210.06,35.3,31.1
0.05052,67,25.31,1,0.44,7.0,98.2,3.0323,22,176.7,18.7,334.11,11.57,10.9
1.87452,85,11.33,0,0.58,4.14,80.1,4.7606,9,122.4,25.3,238.79,22.66,44.7
0.31617,93,28.15,1,0.5,5.46,12.4,8.5105,16,510.1,21.1,26.37,5.67,11.1
1.88096,22,24.8,0,0.62,8.87,33.4,5.7181,16,114.8,13.6,167.89,2.83,34.2
0.46424,82,9.52,0,0.69,6.96,53.4,4.8377,1,107.2,25.1,264.08,15.54,15.2
0.67212,7,17.95,0,0.46,5.47,29.7,4.0225,20,355.6,22.8,395.21,7.99,39.0
0.01999,55,12.12,0,0.41,5.44,11.8,3.0845,22,178.3,10.4,153.63,20.04,13.3
0.16621,49,3.51,0,0.46,4.63,59.9,1.423,24,367.7,11.3,393.84,10.48,39.1
0.06403,26,12.37,0,0.57,5.65,22.4,3.1499,12,319.6,11.8,219.54,2.52,27.8
0.17559,4,25.31,0,0.44,6.25,63.3,3.5787,19,161.4,15.0,185.5,29.01,36.9
0.06319,89,15.69,0,0.51,7.57,69.1,8.0915,23,483.8,15.5,166.17,14.02,28.4
0.19135,26,18.25,0,0.46,6.83,81.4,8.2041,3,489.8,23.5,231.74,7.72,30.0
0.26744,60,10.8,1,0.62,4.21,44.7,4.3924,9,486.8,23.0,171.41,37.97,32.2
0.03315,83,5.27,1,0.4,5.73,69.8,1.2261,20,618.8,27.4,153.39,20.05,15.3
0.58959,78,17.1,1,0.41,4.25,3.5,5.2403,1,104.1,26.3,391.27,22.96,30.9
0.41805,18,16.55,0,0.62,8.69,63.1,9.0871,23,116.6,25.8,197.8,38.53,16.9
0.15421,96,28.68,1,0.69,6.13,43.5,7.566,5,413.9,21.8,312.08,5.61,18.5
0.37038,91,0.28,0,0.58,6.99,80.9,1.6899,22,379.6,12.1,202.52,8.11,27.5
0.04933,36,26.94,0,0.42,7.65,98.8,7.111,8,694.3,23.8,92.77,28.7,15.3
0.42895,20,27.78,0,0.64,4.02,29.2,6.3166,15,314.5,16.0,379.35,22.87,32.9
1.32463,3,7.22,0,0.41,4.53,89.4,8.6466,10,333.5,25.7,352.52,17.2,18.5
0.19178,18,1.37,1,0.46,6.68,10.6,5.2473,4,601.4,17.3,56.77,5.37,13.4
0.55042,77,25.47,0,0.54,7.01,45.2,3.1935,11,473.9,12.7,353.99,23.77,45.4
0.07067,51,5.07,0,0.58,7.62,69.5,8.7165,23,142.6,22.1,78.81,18.22,24.6
0.62997,49,11.91,1,0.52,4.57,86.3,7.8846,23,134.6,27.7,227.45,27.17,47.4
0.17083,31,13.6,0,0.59,5.79,22.1,6.9239,5,417.1,13.5,372.41,12.72,23.7
0.10118,97,9.75,1,0.56,7.73,49.3,1.2502,21,338.1,15.9,225.8,16.7,5.5
0.44156,18,12.8,0,0.67,5.2,97.6,4.6783,21,541.3,15.3,84.65,13.01,14.0
0.01016,12,9.34,0,0.7,8.84,73.7,2.2538,13,476.8,25.6,105.98,8.84,42.6
0.88287,91,15.76,0,0.62,8.87,39.4,5.1551,20,100.2,13.0,271.43,20.81,21.2
0.00235,98,1.2,0,0.43,6.43,49.8,9.1298,16,110.1,18.8,298.82,33.34,43.1
0.56632,71,17.73,0,0.5,4.65,92.0,2.6133,21,603.8,17.5,236.7,2.34,22.5
0.15736,94,4.59,1,0.56,4.09,48.7,4.7179,15,198.8,25.4,112.57,19.93,18.4
0.66438,45,29.29,0,0.48,4.59,5.8,3.9855,5,441.8,18.8,74.71,30.33,41.0
1.63757,80,19.37,1,0.66,5.88,20.5,1.2771,24,664.3,15.0,261.86,25.73,8.3
0.14301,65,0.24,1,0.46,5.69,0.4,2.4627,15,680.0,11.6,91.73,39.73,44.4
0.4292,88,1.17,1,0.46,7.86,48.0,4.9404,4,606.6,19.7,65.11,3.23,23.9
0.4483,16,8.09,1,0.67,6.85,97.3,8.1753,19,633.4,15.0,52.46,7.31,19.8
0.42461,45,22.92,1,0.6,6.19,80.2,3.3143,24,643.0,23.7,295.54,13.47,14.9
0.12621,91,2.77,1,0.59,4.71,4.1,6.5554,7,145.9,14.8,284.76,1.24,31.7
1.52614,37,19.86,0,0.61,4.72,93.1,4.5489,11,614.3,20.7,370.99,21.26,47.7
0.29631,50,16.55,1,0.46,7.81,11.1,6.1696,21,349.4,22.7,104.69,25.98,20.9
0.93673,24,13.1,0,0.58,8.69,2.3,5.0073,15,125.6,28.0,235.78,17.33,15.4
0.60112,48,5.32,0,0.61,5.28,21.2,7.7189,13,419.9,28.1,367.85,17.28,16.1
0.17651,76,0.98,0,0.48,6.64,50.0,4.1952,19,170.0,23.4,89.4,35.21,9.1
0.84046,4,15.37,1,0.65,8.1,7.8,9.6122,9,147.5,14.3,181.59,24.86,15.7
0.25251,51,15.44,0,0.57,8.03,78.1,5.5636,23,380.5,11.2,386.33,11.28,34.0
1.06475,46,0.45,0,0.55,7.21,1.7,2.5942,9,288.9,25.0,381.95,13.47,37.1
0.43527,40,19.28,1,0.66,4.21,21.8,6.9855,19,628.8,17.2,204.63,8.83,23.7
1.06742,14,10.84,1,0.46,4.79,59.8,4.5011,14,289.4,12.4,179.47,11.32,47.5
0.58969,10,14.44,1,0.41,8.2,41.1,1.4681,19,593.5,26.7,377.93,27.14,12.5
0.64595,27,13.77,0,0.63,8.06,46.0,3.8752,21,102.9,20.7,239.78,25.87,37.2
0.3479,78,20.93,1,0.47,7.33,67.0,8.6352,19,669.5,29.0,98.78,11.2,23.2
1.56273,13,15.19,1,0.43,6.89,36.0,5.3503,15,132.6,21.6,206.93,22.05,15.8
0.5164,4,11.1,1,0.48,5.33,24.1,4.6603,16,257.7,29.0,229.02,34.56,13.8
0.2757,86,5.89,0,0.45,7.32,91.8,9.2122,10,114.9,21.0,220.92,11.47,12.5
0.4662,15,0.9,0,0.48,4.54,34.5,6.6556,14,675.6,13.4,162.27,1.97,49.0
0.00969,29,6.79,1,0.43,8.77,47.8,4.1483,19,131.0,29.3,58.57,11.77,22.5
0.17946,78,18.65,1,0.54,6.87,82.0,5.9932,12,309.4,11.8,347.22,37.69,32.4
0.53966,42,7.74,0,0.61,4.37,63.3,4.814,10,498.3,13.7,44.93,1.8,24.5
0.1713,25,20.36,0,0.67,8.3,62.0,3.8973,9,293.2,29.9,55.79,5.74,41.5
0.48119,75,28.13,1,0.62,6.83,63.9,6.4499,16,104.5,25.6,59.7,7.78,39.1
0.27998,95,7.7,0,0.43,5.13,81.0,9.8242,2,244.3,26.8,15.76,28.55,7.1
0.07279,91,23.21,0,0.56,4.23,52.6,4.4609,14,528.8,19.4,343.09,39.17,33.9
0.17711,22,19.68,1,0.42,8.92,7.6,1.4648,23,327.0,17.6,356.68,23.94,48.6
0.42194,43,11.99,1,0.57,6.48,66.6,4.2351,1,592.2,15.4,49.03,4.45,43.3
0.44686,84,21.19,0,0.56,5.12,16.5,3.0069,1,543.4,11.1,184.63,18.86,18.3
0.42704,55,8.39,0,0.4,6.88,82.9,4.0637,10,451.6,10.9,157.27,31.54,32.5
0.5295,2,8.98,1,0.63,4.97,15.7,5.5662,1,156.7,16.6,50.46,7.98,25.3
0.52792,25,12.01,1,0.59,5.31,95.6,1.6582,19,689.2,14.5,345.76,12.54,31.3
0.28231,0,12.71,0,0.54,8.62,71.0,1.8266,20,412.4,23.3,345.63,27.04,30.3
1.13432,95,16.57,1,0.68,5.52,26.3,6.0598,20,256.1,13.4,296.33,13.4,38.0
0.22909,56,11.5,1,0.54,6.64,20.7,8.8214,4,461.3,28.2,66.63,29.43,19.4
0.28623,70,25.66,0,0.54,5.46,87.8,5.1886,1,524.1,29.4,105.45,32.01,24.5
1.11246,82,18.99,1,0.45,6.08,23.1,2.6731,5,380.5,19.5,76.92,33.4,31.1
0.82045,86,27.42,1,0.6,6.95,41.2,9.3499,19,485.1,11.0,332.99,22.5,5.4
0.60851,62,10.99,1,0.45,7.81,46.0,6.806,4,164.8,13.4,187.05,15.77,17.2
0.05281,46,29.54,0,0.49,4.04,12.4,6.6927,9,624.4,15.3,60.18,25.12,26.9
1.25964,89,21.34,1,0.61,5.07,73.5,8.1764,15,508.4,27.5,4.04,8.26,13.1
0.6263,77,23.05,1,0.49,8.02,10.8,5.643,7,563.8,27.8,111.4,8.98,37.4
3.3827,12,17.34,1,0.58,5.32,85.4,9.078,5,168.2,29.3,389.65,32.93,9.7
0.08094,62,26.38,1,0.69,4.56,53.2,3.7219,24,411.6,15.3,12.68,32.87,37.5
1.01295,37,2.94,1,0.41,5.66,61.7,9.4249,4,515.6,13.5,364.58,16.87,42.0
0.08866,83,23.39,1,0.52,7.4,82.9,2.912,21,413.4,20.5,23.18,19.23,35.9
0.47798,31,19.56,1,0.67,7.26,33.6,2.4482,23,159.5,16.9,268.71,17.76,46.3
0.06609,28,25.23,1,0.58,8.25,96.5,3.5487,19,136.4,18.0,139.88,18.64,37.0
0.94196,59,26.38,0,0.68,8.7,61.2,3.6211,1,469.6,19.0,182.2,9.88,15.0
0.82336,83,13.95,1,0.69,7.37,12.4,5.2532,2,578.1,11.2,88.46,9.51,42.0
0.42094,40,28.87,1,0.65,8.3,28.8,1.9936,23,698.0,16.5,135.41,33.48,15.9
0.26144,89,24.42,1,0.5,5.31,49.6,9.0407,10,440.9,24.9,123.24,27.02,42.4
0.03584,29,26.07,1,0.41,6.21,68.5,9.6163,16,237.7,19.6,283.56,39.06,31.5
0.59772,28,0.39,1,0.69,5.59,20.2,2.157,19,343.0,25.3,348.5,7.25,28.1
0.30215,52,28.43,1,0.46,7.85,42.7,6.7289,19,164.0,23.4,163.73,37.01,31.1
0.64017,42,7.64,0,0.47,7.74,10.8,6.705,9,348.3,28.8,326.49,30.86,22.7
1.00639,10,18.91,0,0.6,6.01,18.1,3.6001,16,604.1,23.8,4.62,21.58,17.2
1.85498,84,13.7,0,0.61,7.33,75.8,9.0922,17,334.1,21.2,315.08,26.48,25.7
0.96829,17,18.35,1,0.69,4.07,60.9,6.8926,22,131.0,13.1,210.38,33.67,11.2
0.00589,0,17.43,0,0.58,8.53,45.2,3.2851,15,199.5,28.4,333.49,21.58,32.9
0.22313,39,23.14,1,0.53,6.11,0.7,6.3252,19,501.8,29.9,89.62,26.25,29.6
0.65465,38,16.55,1,0.44,8.53,6.6,3.6643,13,514.7,26.8,150.7,39.09,35.3
0.09415,98,16.8,0,0.66,4.23,76.4,2.4213,16,218.8,11.9,279.08,29.09,33.7
0.36807,65,17.75,1,0.41,4.42,9.4,4.1282,16,586.1,12.2,339.37,4.06,46.6
0.02794,48,6.55,0,0.66,6.5,77.1,5.844,19,268.5,17.3,191.33,28.96,28.3
0.11157,86,20.5,0,0.5,5.11,72.4,6.838,8,433.4,23.9,338.54,38.98,5.6
0.00935,45,29.49,0,0.67,7.65,51.4,8.5066,24,284.6,26.5,219.33,16.24,44.6
0.78921,49,27.78,0,0.66,7.41,35.9,7.0486,15,515.9,13.6,396.55,2.69,10.4
0.12675,22,7.05,0,0.61,7.15,90.0,3.6902,22,325.4,22.5,361.88,29.37,37.8
0.21183,92,29.33,0,0.41,8.2,17.7,3.9898,8,557.1,13.2,154.25,13.06,13.9
1.31611,65,24.9,0,0.61,8.23,85.5,5.9983,15,390.1,12.2,382.19,36.8,10.5
0.6094,85,29.0,1,0.57,5.35,76.3,8.5898,19,484.2,19.4,306.14,8.12,48.0
0.01618,66,29.24,1,0.48,5.1,66.8,5.7087,5,655.6,27.2,210.2,15.69,6.6
0.08998,32,13.97,0,0.57,7.39,94.2,7.8476,16,361.2,22.6,396.42,1.92,6.4
0.48574,50,18.8,0,0.65,4.55,99.6,6.1338,2,430.4,23.6,277.99,18.11,25.2
0.43046,70,7.99,1,0.46,5.01,78.9,6.8029,7,213.5,17.9,77.84,8.41,31.4
0.13583,35,6.26,0,0.5,8.45,22.9,8.7073,2,516.1,15.3,45.61,24.29,12.9
1.36067,100,13.45,0,0.43,7.21,68.5,4.9511,23,227.6,28.6,104.85,30.1,37.6
0.47591,23,7.52,1,0.63,4.98,40.0,7.2779,13,514.0,18.2,294.2,11.91,47.3
0.38354,82,25.58,0,0.43,7.42,12.2,8.5055,10,653.9,20.3,220.18,6.22,27.4
0.44569,89,1.75,1,0.67,4.93,84.9,6.8364,24,664.8,11.4,158.86,5.67,10.5
0.65489,79,8.67,1,0.55,7.19,33.5,1.5611,24,581.1,11.4,303.37,10.93,43.0
0.18694,27,5.33,1,0.48,5.08,96.4,5.3735,8,423.5,25.2,9.51,33.31,47.4
0.25393,85,2.96,1,0.42,7.57,81.1,6.3596,16,602.3,28.6,325.43,17.89,42.5
0.11776,1,15.29,0,0.65,8.91,80.0,3.6066,15,374.7,22.7,299.31,8.53,30.4
0.10302,9,25.64,0,0.52,6.46,82.7,6.4728,10,326.2,28.0,72.08,12.06,42.8
1.44454,81,13.07,0,0.67,7.31,40.8,9.136,10,521.4,25.5,155.61,14.65,22.0
0.67267,11,7.96,1,0.62,9.0,8.2,6.4392,5,224.4,12.6,15.04,8.95,27.5
0.33712,64,26.46,1,0.43,6.01,99.5,1.1704,20,144.6,11.3,4.72,22.04,8.7
0.12901,67,27.63,1,0.63,8.06,96.4,5.651,4,319.6,28.8,398.51,23.21,19.6
0.14675,61,15.17,1,0.65,4.51,46.8,3.5779,22,304.4,13.2,195.28,31.4,46.2
0.02989,54,19.74,0,0.43,4.06,82.8,5.8325,6,172.3,22.6,148.81,28.13,43.4
0.28495,36,1.84,0,0.6,8.83,47.7,7.5451,11,612.7,14.7,78.47,10.59,31.7
0.18683,84,10.24,0,0.47,7.04,92.6,2.0858,7,500.9,20.3,322.88,7.14,45.7
0.59593,19,11.69,0,0.5,5.85,40.0,1.3108,23,115.5,19.8,282.3,36.25,24.2
0.23721,69,15.16,1,0.44,6.28,87.9,9.9687,10,424.1,24.4,0.62,33.2,47.2
0.09898,84,25.46,1,0.41,4.53,1.3,2.5822,23,192.3,26.4,308.49,1.29,47.6
0.01249,62,24.29,0,0.66,4.14,34.1,8.8044,9,406.7,30.0,44.59,1.91,30.6
0.03481,68,0.29,1,0.68,7.78,61.6,3.4448,11,562.8,14.2,379.45,20.06,7.3
0.56877,41,4.66,0,0.62,6.68,85.5,6.1706,22,347.8,18.7,133.09,33.7,44.8
0.30229,80,11.31,1,0.45,8.5,8.9,4.0475,19,458.1,17.5,180.44,37.09,46.0
0.38456,16,15.36,1,0.4,7.06,7.5,2.707,12,427.9,10.7,1.99,8.56,47.4
1.13492,57,18.21,1,0.51,6.34,78.8,5.2262,1,446.6,14.7,329.76,32.56,26.2
2.31983,5,4.33,1,0.56,6.98,56.6,8.1045,10,386.9,20.9,123.27,17.22,18.1
0.12225,96,20.89,1,0.53,7.21,13.2,7.9326,5,200.2,27.5,222.58,26.43,8.9
0.54395,22,26.72,0,0.6,5.69,47.7,7.5008,11,245.0,16.3,370.64,13.31,44.6
0.1528,3,6.71,1,0.48,7.15,20.5,8.9857,2,636.4,24.0,62.49,5.91,37.5
0.01043,8,16.2,1,0.49,5.7,75.1,3.1975,3,542.9,28.8,346.93,28.59,41.1
0.71019,62,29.69,0,0.4,8.54,81.6,4.4416,3,689.7,13.6,200.1,13.01,39.6
0.19284,92,19.32,0,0.59,5.11,44.1,2.748,23,132.5,12.2,369.78,2.16,41.8
0.24182,41,2.8,0,0.65,5.22,96.8,3.931,17,289.9,29.7,328.94,38.7,10.0
0.44375,74,23.2,1,0.67,7.7,63.5,3.0373,14,675.6,11.0,177.19,17.72,20.2
0.88907,92,15.24,1,0.58,7.89,26.0,1.3567,7,363.6,15.6,35.48,4.87,41.6
0.49575,95,3.36,0,0.46,6.57,6.6,9.3555,10,462.6,27.4,12.08,32.68,38.0
1.03041,11,15.45,0,0.52,7.42,69.7,7.9638,13,441.8,15.5,349.69,34.1,39.5
0.15979,34,22.66,1,0.51,5.68,59.0,3.7708,20,184.4,13.5,189.71,12.75,39.2
0.79986,91,3.51,1,0.42,5.16,34.3,6.8179,10,538.7,25.6,265.48,27.63,8.0
0.10267,49,10.69,1,0.4,7.21,73.9,1.0227,3,135.0,24.5,352.66,5.69,42.2
1.52659,71,2.47,1,0.49,6.63,3.9,7.8624,23,422.8,12.2,121.86,16.1,8.9
0.58156,39,4.54,1,0.61,8.46,85.2,5.7735,7,431.6,20.0,358.31,9.64,42.0
0.12136,58,1.57,0,0.6,6.44,19.1,2.1634,10,221.1,27.9,11.01,10.58,19.3
1.47224,5,6.78,0,0.63,4.54,3.3,4.4809,22,550.3,18.5,111.97,38.63,14.5
0.65625,73,13.63,0,0.66,7.95,89.2,1.9795,24,637.7,14.4,324.71,2.35,13.8
0.14648,88,23.74,1,0.68,5.85,61.8,5.8826,5,687.4,23.9,341.29,22.48,8.5
0.11996,12,20.59,1,0.64,5.26,12.4,3.5305,24,116.1,14.6,377.93,25.82,27.4
0.36511,97,17.63,1,0.41,6.7,62.8,7.158,8,285.8,28.2,121.2,14.02,40.3
0.013,59,29.6,1,0.69,4.53,88.9,9.3458,18,654.9,18.4,312.09,10.48,34.3
0.11626,78,13.91,1,0.49,4.27,58.5,1.3773,9,130.3,19.8,394.05,32.06,49.6
0.27642,15,27.45,0,0.67,7.09,75.1,4.005,10,263.2,23.9,210.8,7.67,39.7
0.23434,4,10.1,0,0.44,4.19,89.6,5.2179,21,420.0,17.2,101.04,26.37,37.8
0.31141,22,12.79,1,0.6,7.02,91.6,7.5221,2,544.1,28.8,15.58,39.99,23.5
0.16261,52,11.92,1,0.5,5.3,14.3,2.6358,16,236.8,15.5,303.86,33.67,10.4
0.44189,66,17.9,0,0.64,8.83,75.5,2.8935,18,280.2,29.3,55.54,17.52,22.1
0.99702,71,27.96,0,0.44,6.57,85.8,2.3438,6,216.7,17.8,154.78,27.59,43.7
0.06252,72,23.03,1,0.55,7.87,98.3,2.6927,8,365.8,25.6,123.71,23.95,20.1
0.36426,5,25.02,0,0.69,6.2,86.4,3.4712,14,402.6,26.2,166.74,26.43,10.5
0.07082,39,23.76,1,0.62,8.7,68.3,9.9353,3,639.5,22.4,362.4,13.15,28.9
0.63091,79,28.56,1,0.44,4.1,27.5,1.3731,3,562.5,26.2,170.38,20.69,32.3
0.25214,79,3.43,0,0.6,8.51,31.1,3.4121,7,529.2,21.8,365.1,3.98,10.3
0.41669,41,24.43,1,0.6,4.5,79.0,4.7923,19,443.6,22.0,322.16,10.05,39.5
0.10123,89,20.17,1,0.65,4.13,41.4,9.4075,5,297.1,12.8,115.35,16.59,27.9
0.07824,22,0.98,1,0.49,8.19,85.0,3.4495,14,142.0,27.8,127.24,7.11,31.4
0.33477,89,11.97,0,0.44,6.56,47.1,4.1259,13,255.3,13.1,147.94,7.22,6.7
0.21973,89,9.55,0,0.65,4.02,66.6,5.5867,22,216.8,20.1,242.26,7.95,14.7
1.41032,19,3.1,1,0.51,4.49,95.6,1.5997,14,236.7,16.4,269.63,22.51,24.8
0.72478,62,9.3,0,0.53,4.67,21.2,1.8108,14,236.1,15.8,388.89,18.64,9.7
0.69048,29,3.37,1,0.69,5.9,28.8,2.6718,18,358.3,13.4,370.61,25.26,37.8
1.17025,9,0.12,1,0.54,8.64,45.0,3.3568,11,328.4,21.0,244.75,39.26,14.8
0.04355,11,26.63,0,0.42,5.97,78.6,5.6673,9,302.2,26.9,18.5,24.67,21.3
0.4017,99,4.71,1,0.6,7.17,82.0,5.8165,3,628.7,19.9,218.12,9.79,6.5
0.43911,26,14.64,0,0.62,8.93,81.9,7.8671,3,221.6,17.2,161.46,11.35,16.4
1.63425,82,1.66,1,0.54,5.59,32.8,5.0536,10,198.2,28.5,217.91,8.7,43.2
0.17276,72,24.36,1,0.61,7.46,8.9,7.3407,6,145.6,12.7,16.07,31.3,29.0
0.13776,1,22.68,1,0.52,8.35,14.9,7.3682,7,654.9,19.6,398.3,20.38,37.9
0.05284,99,24.59,1,0.67,5.15,15.5,9.6583,13,216.6,25.2,22.78,5.43,14.3
0.00828,46,21.45,0,0.63,4.54,67.1,3.9702,6,443.4,28.0,109.07,35.07,13.8
1.32628,55,25.51,1,0.48,6.54,55.8,4.237,12,324.2,28.6,28.85,16.43,31.3
0.5542,10,8.92,0,0.54,8.7,18.1,7.2615,20,433.2,12.2,219.04,24.77,13.6
0.76891,74,8.18,0,0.62,8.35,45.1,4.3594,7,485.5,20.8,140.73,39.01,13.9
0.16545,24,1.26,0,0.56,5.09,50.8,8.4572,7,604.0,14.2,150.12,23.76,9.5
0.44144,95,29.14,0,0.56,8.73,77.8,1.8078,24,404.4,13.5,315.67,20.82,39.2
0.03305,43,9.18,1,0.65,6.01,58.3,7.249,2,296.3,27.3,361.61,36.41,9.0
0.3324,91,6.82,1,0.6,8.28,37.7,2.3993,11,208.6,17.4,66.28,35.92,45.0
1.89701,13,2.05,0,0.68,4.53,94.9,5.9552,15,464.1,12.1,111.59,18.78,44.2
1.04578,78,12.89,0,0.48,6.06,50.3,5.5556,19,179.2,14.4,189.09,27.62,12.3
0.20636,55,24.26,0,0.43,6.72,86.2,7.1008,10,613.5,17.6,45.15,27.43,48.5
1.62946,5,9.59,0,0.46,7.0,44.2,6.053,23,116.7,23.0,154.62,12.56,20.3
0.13179,23,23.41,0,0.46,8.47,1.5,5.8798,9,607.2,22.5,120.84,7.37,45.0
1.4911,42,23.22,1,0.57,5.6,60.2,5.6038,3,231.5,28.5,368.79,23.18,8.3
1.41832,49,28.1,0,0.55,4.66,80.2,8.0081,20,392.7,16.3,79.41,2.41,11.5
0.80273,75,7.7,0,0.58,6.36,28.4,3.4176,19,538.3,17.9,288.48,33.09,24.9
0.49773,56,17.55,1,0.46,4.45,70.6,2.4485,4,570.5,15.7,86.36,30.66,7.1
1.03688,43,27.88,1,0.47,8.22,46.3,1.1135,9,341.1,12.3,250.26,28.64,17.1
0.17338,24,7.05,0,0.42,6.64,35.4,2.1869,11,399.7,29.2,232.8,37.2,31.9
0.94505,81,4.04,0,0.41,5.14,6.0,6.8057,1,117.7,11.9,183.49,38.36,10.9
0.48101,21,11.41,0,0.51,4.65,35.6,7.4895,20,306.4,19.5,326.76,19.22,10.6
0.00666,94,27.31,1,0.62,6.96,80.9,6.6663,23,256.9,21.4,89.09,27.32,23.1
0.21327,18,22.49,1,0.61,7.76,79.6,1.6176,22,334.0,24.0,190.91,39.01,9.6
0.08017,63,1.12,0,0.6,5.94,84.2,7.9534,11,280.5,15.4,392.97,34.28,34.4
2.00397,89,23.2,1,0.41,7.9,79.9,5.6461,10,195.8,20.3,73.3,26.51,40.6
0.3254,29,13.55,0,0.68,7.37,76.7,3.1607,19,665.0,17.8,218.17,18.14,26.3
0.34397,37,19.99,1,0.5,4.25,83.4,6.2792,17,357.6,11.9,117.24,29.96,7.9
0.51009,49,21.31,1,0.53,7.6,82.0,4.7433,11,482.7,12.4,49.52,3.28,32.6
0.2299,40,16.59,0,0.64,6.87,22.1,7.2762,12,656.1,18.1,340.64,1.9,15.8
0.07361,95,20.9,0,0.43,8.59,70.7,5.4612,24,443.5,10.1,231.07,30.39,22.1
0.86332,11,19.06,1,0.45,4.47,99.6,1.3238,22,176.2,10.5,231.53,6.05,13.7
0.10527,56,20.44,0,0.5,4.88,14.5,6.8016,23,573.1,11.1,218.13,32.66,33.8
0.35802,63,3.12,1,0.65,7.32,73.5,7.4025,24,564.8,25.3,73.79,16.38,41.9
0.12701,14,22.72,1,0.61,8.27,92.2,6.8236,14,342.8,27.8,227.45,38.11,43.6
0.05148,32,14.73,0,0.51,5.04,65.2,9.2321,15,423.6,28.1,36.56,3.5,39.7
0.99095,65,5.66,1,0.68,8.74,34.2,3.998,15,354.9,10.2,273.06,20.61,29.6
1.80447,65,9.35,1,0.64,8.44,67.2,3.0523,1,234.5,23.1,20.58,11.52,30.0
1.61998,36,18.62,1,0.4,4.49,92.8,5.5925,9,557.8,15.7,75.66,4.94,14.1
1.18519,25,28.92,0,0.54,8.73,93.5,8.2616,10,546.7,11.4,117.69,22.1,5.7
0.74371,76,5.64,1,0.53,5.21,86.6,7.1812,1,488.2,12.1,111.57,1.25,30.2
0.20259,72,26.86,0,0.47,7.13,55.7,4.8228,23,373.4,11.3,324.84,9.2,36.4
0.04229,50,19.4,0,0.48,7.48,57.2,2.5081,24,378.9,21.0,115.1,18.62,22.8
0.26148,12,14.92,1,0.6,5.65,95.9,2.5217,5,279.1,16.1,29.58,14.5,33.9
0.13214,24,11.11,0,0.47,4.31,66.2,4.9308,14,259.4,13.3,27.19,34.66,19.6
0.07106,19,4.62,0,0.62,7.39,2.0,9.0762,22,609.4,12.9,59.77,12.15,20.9
0.02745,67,3.62,0,0.54,4.61,27.7,4.8258,16,615.6,26.8,157.68,13.56,22.1
0.64657,10,3.93,1,0.42,4.15,39.1,9.4136,9,109.2,10.5,78.73,36.52,43.1
0.00575,7,6.84,0,0.52,7.74,48.7,5.2163,2,531.8,19.9,94.01,7.69,14.2
0.7361,52,25.58,0,0.64,4.55,30.4,1.3304,15,298.0,11.5,73.59,25.36,48.6
0.07947,92,7.35,1,0.44,8.06,21.4,3.3512,13,651.6,12.9,119.49,16.44,16.7
0.04143,14,10.69,0,0.55,8.95,71.1,1.1073,2,245.3,19.3,201.94,3.54,27.1
0.04694,72,27.96,0,0.46,6.02,16.9,2.7899,9,301.2,14.1,388.54,32.08,16.6
0.55744,46,14.41,0,0.68,7.23,9.1,5.147,5,548.4,22.7,316.8,39.93,26.5
0.14076,99,17.76,1,0.56,8.65,41.0,5.2729,4,144.5,17.6,69.01,17.48,23.0
0.27283,35,24.86,0,0.45,8.58,81.1,9.9164,16,524.8,25.7,321.14,24.33,21.9
0.40751,81,4.29,0,0.57,5.56,76.0,2.254,7,504.8,23.2,284.04,33.65,18.5
0.98503,23,16.01,0,0.69,4.14,23.6,6.2812,16,282.4,29.6,362.32,31.64,6.0
0.64922,61,2.96,1,0.65,5.44,26.7,2.0093,15,527.7,17.1,173.88,20.7,41.3
0.15758,53,16.28,1,0.5,4.93,98.7,4.1749,19,641.8,18.9,346.84,12.08,25.3
0.07048,12,17.83,1,0.62,5.78,7.4,6.9173,6,582.4,23.4,279.24,10.82,16.7
0.02848,45,16.38,0,0.61,5.42,7.9,6.1286,8,410.7,18.4,109.24,34.9,13.5
0.17948,7,10.93,1,0.62,8.22,9.1,3.9755,10,179.5,14.8,155.91,3.99,12.1
0.15199,47,25.45,0,0.55,6.62,32.4,7.0406,12,635.4,10.1,335.39,24.02,47.7
0.30453,39,9.29,0,0.68,4.65,76.4,7.158,18,393.8,15.5,323.08,20.08,31.9
0.57487,94,22.92,1,0.51,5.93,89.1,2.9401,2,344.7,27.3,98.2,20.18,16.8
0.59475,19,13.45,0,0.69,7.33,93.2,4.5486,24,428.7,21.8,334.51,32.39,16.8
0.1667,50,24.16,0,0.44,8.41,25.2,4.6432,14,228.1,10.1,378.3,6.93,49.7
0.23896,65,23.75,0,0.68,6.31,46.0,8.9295,20,301.7,25.8,351.11,39.55,34.0
0.09993,43,24.63,0,0.63,8.59,9.4,6.8543,21,541.3,10.3,152.52,13.27,12.3
0.77687,82,20.73,1,0.69,7.98,55.6,7.2995,14,438.1,29.1,216.46,33.21,40.9
0.02926,78,22.74,0,0.57,4.38,0.7,2.5674,8,557.4,20.3,338.38,7.5,24.7
0.59701,89,23.39,0,0.68,8.06,46.0,9.8859,16,557.2,28.2,286.56,30.62,35.1
0.75411,56,22.54,0,0.45,4.46,98.0,3.7832,20,552.1,27.7,283.64,27.35,31.5
0.75121,72,11.76,0,0.41,8.58,14.0,5.5698,20,186.5,27.7,114.1,32.01,11.4
0.15016,50,5.92,0,0.61,7.59,21.1,1.9844,20,490.1,17.5,244.32,39.97,10.5
0.23405,34,29.1,0,0.66,5.16,27.8,3.2249,3,388.1,13.7,21.78,27.65,39.0
0.44288,90,7.69,1,0.67,4.85,86.7,2.5075,12,137.3,17.0,118.86,21.12,15.8
0.15929,11,29.41,0,0.42,6.3,89.0,8.0257,22,601.0,12.7,81.12,28.25,37.1
0.2317,11,3.07,0,0.51,7.25,94.5,9.3404,5,231.8,26.7,154.81,30.58,6.0
0.10973,36,24.81,0,0.53,5.02,24.8,7.0963,19,107.8,21.4,295.29,18.96,48.9
0.30796,49,6.35,0,0.68,8.79,45.3,8.1395,21,486.1,15.0,104.22,9.93,27.5
0.02282,76,24.93,1,0.49,4.74,38.2,2.478,1,203.3,26.4,71.57,9.51,24.3
0.80421,81,2.08,1,0.61,8.3,59.6,4.9599,24,137.0,19.2,336.81,1.85,40.8
0.04004,95,26.0,1,0.47,5.31,29.6,1.9271,11,660.3,10.2,366.04,30.58,23.5
0.36577,74,12.55,0,0.58,4.23,82.9,9.3184,18,189.1,13.1,178.49,14.63,35.9
0.18323,48,27.74,1,0.43,7.02,90.6,7.1757,12,412.0,18.4,97.8,30.59,6.1
0.43083,74,19.27,0,0.63,6.18,90.0,1.909,13,320.4,11.6,100.95,6.08,46.3
1.6024,11,15.49,0,0.41,5.52,26.3,7.6417,22,126.8,22.9,166.47,27.22,29.7
0.51862,93,17.02,1,0.7,5.6,48.4,3.7308,19,288.6,13.9,320.98,2.68,37.8
0.018,34,16.09,0,0.64,7.39,53.8,9.2832,9,310.3,21.9,224.59,24.16,47.4
0.28141,74,4.1,0,0.58,6.36,97.0,1.5728,6,396.1,10.2,230.93,2.01,23.9
0.35669,76,20.15,0,0.63,6.48,43.8,3.8021,6,524.0,12.9,391.26,28.2,9.7
0.38413,39,5.36,1,0.4,4.26,7.0,8.6729,6,700.0,16.5,31.07,31.89,6.5
0.5719,10,25.15,0,0.53,7.5,64.3,1.9298,18,411.1,11.8,190.01,17.08,26.3
0.16259,2,1.89,0,0.58,6.58,17.4,3.4644,11,665.7,29.7,191.76,14.89,30.9
0.06898,75,28.63,0,0.69,7.98,36.5,2.5725,16,416.5,14.6,221.59,10.05,20.8
0.24935,46,4.47,1,0.51,6.72,51.8,9.0327,1,456.2,28.0,67.18,34.3,27.0
1.56641,51,4.66,0,0.69,5.29,96.3,5.3188,21,183.4,23.7,67.57,19.23,10.7
0.10359,41,2.1,1,0.55,4.63,16.0,8.7044,16,442.5,29.2,166.18,30.49,12.3
1.17162,91,4.49,1,0.42,6.56,85.2,3.938,20,256.3,28.2,242.49,25.17,45.7
0.39242,3,17.22,0,0.58,8.77,1.9,7.0214,21,264.4,27.6,121.12,6.69,13.0
0.30524,16,10.71,1,0.65,4.91,4.8,1.9057,20,360.3,21.6,199.01,7.64,29.2
1.06871,63,28.02,1,0.67,6.99,47.9,4.8734,14,492.2,29.3,394.7,11.23,19.8
0.3068,64,10.99,1,0.56,6.88,57.2,3.3205,11,470.4,13.6,12.17,34.47,47.7
0.64398,13,27.78,0,0.53,5.38,18.9,3.4455,19,283.8,19.1,186.35,13.63,9.4
0.2546,38,1.76,1,0.59,7.99,18.5,2.0726,10,117.3,25.6,189.56,35.67,15.4
1.17193,4,6.6,0,0.42,7.49,72.0,4.4948,13,246.4,19.7,276.72,25.56,18.5
0.58563,3,25.28,1,0.68,6.55,30.8,2.5532,14,371.7,29.9,106.56,28.62,21.3
0.60136,19,4.91,1,0.47,7.12,71.0,7.1489,9,645.7,24.7,319.97,11.94,9.3
0.19854,81,7.81,0,0.59,7.23,51.7,5.6565,23,466.2,14.1,160.4,2.88,12.0
0.70689,16,11.14,1,0.58,8.8,36.7,5.125,24,626.5,26.2,38.06,18.7,44.0
0.50538,71,17.53,1,0.62,5.01,4.6,8.8661,3,456.4,27.7,252.02,25.98,26.6
0.13723,24,11.77,0,0.66,6.75,97.3,2.6677,4,365.9,20.8,10.56,14.07,12.2
0.0875,11,8.05,1,0.48,8.21,38.0,7.2929,7,297.1,29.8,286.72,38.16,46.3
0.79578,22,14.61,1,0.46,4.6,79.0,2.6664,15,682.1,20.7,4.86,25.91,37.6
1.59913,60,15.96,1,0.62,8.95,33.7,6.6569,18,386.9,25.5,238.67,39.75,16.4
0.30637,91,28.87,0,0.46,7.8,89.8,1.3517,10,315.5,16.5,348.36,32.25,44.4
0.447,2,20.28,1,0.69,5.24,7.2,1.3095,18,644.6,14.8,279.36,20.9,38.2
0.97499,8,5.77,0,0.46,8.87,28.1,4.7264,21,587.1,25.7,249.74,7.41,49.8
0.30553,72,22.84,0,0.56,5.14,52.6,9.9388,24,453.2,13.9,172.72,26.35,8.5
1.51697,89,29.43,1,0.6,8.31,61.3,2.3274,10,439.6,15.7,134.48,6.9,32.9
0.42872,38,4.52,1,0.45,5.23,64.3,7.7791,8,398.4,17.4,148.12,16.82,16.7
0.85953,52,4.87,1,0.52,8.09,39.2,6.1648,15,157.8,22.5,150.01,20.25,11.9
1.19759,97,3.44,1,0.63,5.63,62.8,3.527,22,512.5,16.8,211.95,20.29,18.0
0.84512,88,8.72,1,0.49,8.98,86.6,7.9134,1,325.3,16.4,57.33,10.67,37.7
0.08683,63,20.88,0,0.5,8.07,83.8,3.6584,3,110.2,18.9,352.75,1.9,33.3
0.49564,21,9.98,1,0.46,5.27,25.2,2.5186,18,535.6,19.0,250.35,22.58,19.1
0.25411,4,2.86,1,0.63,7.81,4.2,2.747,19,177.6,10.4,149.77,18.62,9.7
0.03238,31,18.9,0,0.47,6.87,24.0,2.6952,4,578.7,16.3,392.88,3.49,10.6
0.27585,75,23.25,1,0.48,5.16,82.0,7.8271,5,255.7,19.4,349.01,21.19,32.5
0.14966,37,12.15,0,0.55,4.58,65.9,5.7561,23,451.8,14.7,242.73,5.49,26.4
0.94536,7,20.0,1,0.46,6.22,12.5,6.8821,16,441.9,19.5,148.7,39.68,21.7
0.01694,22,17.67,0,0.47,4.83,16.4,9.0489,9,206.1,21.4,147.64,29.86,9.4
1.59688,42,19.31,0,0.68,8.21,26.5,2.5141,2,363.4,26.8,26.68,15.19,27.2
0.21954,59,12.66,0,0.64,5.61,85.4,4.8012,6,591.4,25.5,137.01,33.75,16.9
0.22058,95,14.31,1,0.48,4.79,39.8,7.1208,18,683.2,15.1,98.27,4.99,44.3
0.00823,54,24.45,1,0.61,7.61,34.0,4.1481,15,110.9,12.6,243.42,35.23,36.2
0.10243,73,17.61,1,0.51,5.21,22.6,6.9545,4,188.0,10.0,288.07,26.7,23.8
0.25646,51,2.83,0,0.53,7.43,67.4,4.2376,1,470.5,18.0,116.97,4.18,46.4
1.32459,82,0.9,0,0.61,6.0,96.8,2.6084,17,101.5,27.1,218.46,18.06,30.2
0.05247,23,15.34,0,0.64,5.95,7.9,5.8063,6,554.8,13.2,314.83,24.27,42.3
1.45296,83,16.34,0,0.48,4.52,50.3,1.1384,5,449.8,15.7,256.76,25.33,31.7
1.01815,25,24.49,0,0.45,4.01,90.3,4.4657,20,503.7,20.9,297.46,29.74,47.4
0.30272,57,21.91,0,0.53,8.73,26.8,7.1683,17,474.5,21.9,87.23,26.71,9.0
0.19778,69,6.76,1,0.48,4.04,33.9,3.3795,13,459.4,20.9,254.02,26.1,40.0
0.13247,89,23.81,0,0.64,7.71,49.3,7.5355,24,161.4,10.1,109.51,33.0,6.9
0.47656,45,18.87,0,0.45,7.41,14.0,5.4376,22,241.1,25.4,92.3,1.8,9.8
0.01682,88,7.0,1,0.5,6.11,80.4,3.59,14,378.4,28.0,108.37,38.43,41.4
0.00786,51,15.48,1,0.46,6.7,25.2,4.8822,13,300.6,15.1,146.61,17.78,37.7
0.28,59,7.2,1,0.41,6.16,5.9,1.5906,23,569.8,12.7,188.38,12.09,31.8
0.03525,44,21.65,1,0.58,7.42,66.5,5.3335,24,505.2,25.4,91.7,20.1,46.2
0.14514,26,9.06,1,0.63,7.61,54.5,4.6865,24,286.9,24.6,139.99,37.67,22.8
0.12498,43,14.9,1,0.65,5.41,93.0,5.1501,24,670.7,25.9,358.6,36.84,5.2
0.14597,32,26.95,0,0.61,8.25,78.3,1.9189,23,486.5,28.4,53.85,32.89,8.2
0.07024,30,29.62,1,0.63,6.6,3.6,1.2483,19,608.0,10.9,86.29,9.71,37.6
0.00605,14,28.74,1,0.53,8.22,53.0,2.1832,13,642.8,20.7,24.28,12.15,16.7
0.06136,71,23.11,0,0.43,8.66,86.8,3.7926,13,218.6,25.8,283.55,33.33,31.3
0.4818,96,4.09,0,0.48,6.49,1.8,1.9723,7,338.6,20.0,211.76,26.44,24.8
1.82978,61,14.04,1,0.57,7.81,37.3,7.9059,15,136.6,21.0,189.73,10.59,15.4
2.32014,1,29.05,0,0.68,6.74,83.3,8.7707,12,188.7,21.3,13.77,34.9,38.5
0.26302,47,10.59,0,0.6,6.11,24.9,6.2439,14,452.5,10.2,384.54,36.26,6.4
0.08894,43,4.78,1,0.46,5.96,1.2,6.6514,1,410.3,28.1,337.63,25.76,35.9
0.50911,90,5.74,0,0.54,6.92,34.1,9.6403,16,362.5,14.2,328.15,39.4,38.7
0.33697,15,16.48,0,0.65,5.91,3.5,5.9628,17,530.2,10.5,350.09,22.51,8.8
2.27391,68,0.65,1,0.43,7.98,91.6,8.8182,9,259.5,22.7,310.81,34.47,17.6
0.03377,74,23.11,1,0.42,5.04,85.3,7.5456,2,348.7,21.2,55.78,12.83,46.6
0.76447,85,11.78,1,0.68,5.36,42.2,5.988,10,662.9,12.6,388.6,38.13,25.9
0.17012,39,6.7,1,0.66,6.69,40.8,5.603,12,440.3,30.0,373.49,15.12,31.2
0.13815,94,8.75,0,0.53,5.5,97.9,1.2686,12,508.9,17.8,278.43,4.88,39.8
0.5431,86,24.09,0,0.62,7.54,48.9,3.6777,24,547.3,15.3,116.8,7.05,43.5
0.14122,0,1.12,1,0.64,6.67,43.7,3.1347,11,368.0,12.0,0.44,25.7,9.6
0.5481,81,23.14,0,0.5,4.43,40.0,3.6324,22,358.5,20.7,194.34,30.53,29.0
0.36419,58,22.87,0,0.53,7.79,31.8,6.9944,14,382.1,13.3,237.92,3.13,14.3
0.2759,12,2.45,0,0.66,5.1,34.3,5.6445,2,617.2,12.9,397.59,19.31,36.2
0.40449,91,24.93,1,0.4,8.72,44.4,4.6404,13,318.2,24.6,53.17,31.58,47.5
0.16917,43,5.16,1,0.5,6.19,92.4,6.8774,10,631.2,11.3,35.53,21.55,7.1
0.61307,54,4.09,0,0.69,7.7,87.8,2.6143,14,124.6,24.3,170.53,17.34,34.1
0.26795,47,4.99,0,0.54,7.93,76.3,3.1283,4,251.7,11.4,300.38,7.9,33.9
0.22357,22,0.08,0,0.52,7.04,78.4,5.3315,3,638.4,17.9,136.03,5.43,23.7
0.88204,31,16.0,0,0.41,5.2,42.4,7.3519,6,659.7,12.5,264.94,13.99,33.2
1.29491,34,11.07,1,0.62,4.72,58.3,1.9824,24,224.6,29.7,355.78,12.11,22.5
0.02355,98,4.3,0,0.68,7.65,89.7,8.6143,11,230.3,14.7,317.26,15.34,49.4
0.13239,42,26.06,0,0.61,5.24,33.1,7.8159,12,552.5,17.3,40.64,3.97,26.6
0.21425,68,15.19,1,0.6,5.39,39.7,6.7804,22,316.9,14.2,178.43,9.81,42.1
0.84361,62,10.46,0,0.68,7.22,26.5,4.9864,12,223.4,20.9,15.2,21.1,46.8
2.11651,36,15.98,0,0.45,8.93,4.5,8.3283,3,236.3,28.4,67.46,39.67,38.4
1.73643,83,24.28,0,0.43,6.63,1.6,4.4238,7,282.5,19.7,308.28,17.21,35.4
1.17667,44,5.13,0,0.61,5.7,27.2,2.7861,12,599.8,24.8,69.64,17.11,36.7
0.17588,81,25.97,1,0.42,4.17,94.1,2.7786,15,373.8,17.1,223.53,12.08,10.8
2.41486,70,17.56,0,0.67,8.08,32.4,9.2146,2,176.3,15.6,245.99,22.75,17.2
0.14345,6,18.47,1,0.61,7.38,88.9,6.3413,11,322.9,12.0,62.65,34.53,25.6
0.05597,48,17.66,0,0.63,7.71,11.8,3.1692,5,293.9,29.4,365.93,27.11,24.1
1.50748,9,6.64,1,0.67,4.64,67.5,3.0896,15,145.7,17.6,23.4,39.95,12.3
0.13291,28,5.54,0,0.42,7.02,32.9,5.3178,24,594.0,27.5,367.69,37.87,19.5
0.58522,77,14.32,1,0.5,4.66,89.2,6.0397,14,538.8,22.4,45.52,33.89,37.2
0.03006,56,10.69,0,0.57,4.51,69.8,9.0695,10,361.3,23.6,360.35,2.63,7.4
0.65598,9,7.23,0,0.66,7.7,34.2,3.301,8,520.9,19.1,147.16,30.44,33.5
1.06735,85,17.44,0,0.57,8.01,48.8,6.9412,13,303.2,16.5,315.94,25.02,21.4
0.15903,66,25.69,0,0.57,6.74,23.5,7.5351,4,661.5,19.5,157.7,30.09,47.1
0.23826,9,16.71,0,0.57,4.7,3.0,8.9381,8,400.5,25.3,293.26,39.12,18.0
0.23444,36,27.2,1,0.6,7.75,6.5,8.8777,8,166.7,28.2,340.96,9.6,48.6
0.69073,28,21.5,1,0.62,4.54,81.2,6.1431,21,385.1,19.9,210.18,15.09,43.4
0.13578,64,27.01,1,0.61,6.92,74.0,3.9383,2,316.1,20.6,160.86,22.55,14.5
0.09428,74,6.05,1,0.44,7.67,66.6,3.6035,19,120.5,24.6,157.85,14.11,45.4
0.29827,13,17.62,0,0.7,7.57,91.3,7.1923,17,309.8,29.2,22.64,34.72,19.0
0.18154,2,10.64,0,0.66,7.56,25.2,8.1801,10,685.8,23.2,5.93,22.16,24.9
0.91376,37,22.31,1,0.54,4.19,1.8,4.7018,15,255.8,27.0,297.43,1.2,24.5
0.13573,71,13.5,0,0.59,8.51,91.5,7.5175,14,534.4,18.1,166.16,36.53,12.3
0.34897,87,12.37,1,0.48,6.41,98.7,1.8549,11,192.5,13.6,60.44,21.37,28.0
1.42871,94,4.29,0,0.65,4.69,16.7,2.0953,2,201.6,24.1,348.61,27.76,7.3
0.50256,81,10.64,0,0.58,6.49,66.2,4.7448,7,277.9,14.9,255.11,20.84,48.6
1.00979,3,20.03,1,0.48,6.48,10.1,7.5164,9,108.8,27.7,189.8,24.95,24.0
1.40846,98,15.26,0,0.65,7.55,5.5,9.234,7,390.2,11.6,142.79,39.26,42.5
0.69468,80,15.57,0,0.43,5.2,36.3,7.0508,9,681.9,19.5,137.9,18.23,18.8
0.60128,82,19.44,0,0.48,5.33,10.1,2.6152,22,268.9,18.7,148.57,28.22,17.9
1.72047,50,8.28,1,0.5,4.39,11.1,4.7807,18,501.9,27.2,354.62,34.52,32.2
2.59256,61,6.62,0,0.44,4.57,49.4,3.459,18,606.6,29.4,151.44,5.08,39.7
0.30058,82,29.03,1,0.54,6.09,53.0,1.6069,24,663.7,29.1,7.73,23.67,19.8
0.03675,28,4.13,1,0.63,6.69,39.4,8.4321,16,115.2,11.1,57.97,18.88,38.1
0.17322,35,2.43,1,0.52,8.5,66.5,4.0918,12,607.1,29.8,138.48,39.69,9.8
0.08265,53,21.11,1,0.61,7.53,98.7,5.659,15,148.8,23.4,66.54,37.54,8.3
0.2702,26,19.41,1,0.46,8.95,84.2,6.1902,19,288.0,15.0,329.19,8.26,9.0
0.07037,42,11.13,0,0.65,6.97,76.4,9.2867,24,545.6,17.5,399.49,4.81,17.7
0.46332,46,2.3,0,0.45,8.69,41.6,1.9028,3,320.9,27.8,133.67,18.69,28.5
0.24129,69,8.39,0,0.61,8.27,33.0,9.7518,6,133.9,28.3,194.07,1.75,18.5
1.12874,28,1.87,0,0.48,4.14,57.1,5.0142,15,545.9,12.4,19.05,20.38,18.5
1.71781,43,29.67,0,0.65,7.98,30.8,5.6758,24,434.1,12.9,77.79,29.8,27.6
0.3958,83,20.86,1,0.69,5.12,17.0,9.9232,16,379.2,10.9,91.62,35.45,6.9
0.16067,62,12.96,0,0.63,8.74,86.8,2.5818,8,348.1,17.9,154.99,38.57,42.4
0.44853,74,27.59,0,0.42,4.6,12.1,7.6175,19,476.9,16.9,330.57,36.76,30.6
1.13536,74,16.96,1,0.41,5.03,98.4,7.1475,7,650.2,23.5,159.68,36.64,10.3
0.26106,9,21.34,0,0.41,5.52,25.9,3.0175,23,352.3,13.2,296.57,14.06,49.0
0.40157,91,15.2,1,0.68,4.02,73.7,9.6963,21,332.6,25.9,211.44,16.08,18.0
0.15849,99,24.79,1,0.45,4.07,6.1,1.3292,18,316.8,21.6,265.46,32.75,15.5
0.30389,75,29.47,0,0.66,7.19,80.3,6.9454,3,219.5,12.2,78.89,19.22,44.0
0.25684,96,12.36,0,0.62,4.28,51.6,8.8619,9,599.7,27.9,15.52,6.87,38.7
0.14278,38,4.42,0,0.6,4.51,96.8,4.6032,1,238.1,27.0,98.67,18.72,27.2
0.35247,31,12.06,1,0.41,6.17,49.2,4.9892,20,432.6,25.1,40.49,15.43,44.5
0.18581,22,23.93,1,0.57,7.8,77.8,1.5917,7,568.8,19.6,281.07,4.33,25.8
0.23343,91,0.01,1,0.69,5.76,23.3,3.3696,6,115.5,22.2,227.69,14.67,6.2
0.37219,57,28.64,0,0.59,8.43,34.8,7.4494,4,402.1,14.0,317.48,38.41,37.5
0.69434,21,19.88,1,0.49,4.89,78.9,9.8407,7,341.3,25.2,161.04,37.13,16.9
0.20286,97,9.32,1,0.63,5.12,87.3,4.1052,21,143.7,23.9,104.2,38.8,19.5
1.28956,61,14.69,0,0.55,4.22,10.6,2.3332,11,591.2,26.0,344.42,23.3,46.8
0.99141,41,7.92,0,0.44,8.03,69.1,1.8361,2,341.8,28.8,226.21,5.13,33.0
0.02496,99,13.08,1,0.66,7.84,98.0,2.6233,8,323.6,27.8,189.16,9.85,39.4
0.14628,41,19.15,0,0.64,8.64,94.7,1.9994,22,504.1,27.9,356.54,8.27,29.0
0.29542,23,20.22,1,0.41,8.29,36.4,8.4686,14,366.1,18.6,139.13,8.36,31.6
0.05526,52,9.68,1,0.41,4.03,29.9,4.4508,6,323.3,25.8,163.56,35.65,39.5
0.21422,23,0.69,1,0.46,7.17,13.5,4.5814,12,437.5,29.4,102.98,8.96,47.6
0.67372,72,11.32,0,0.66,5.07,98.7,8.5929,23,316.7,15.3,53.08,15.78,36.9
0.57052,41,11.26,0,0.46,4.28,76.9,7.6783,24,552.2,25.3,228.36,4.63,6.3
0.48694,60,12.36,1,0.68,8.9,62.6,5.7425,23,555.0,14.9,368.54,2.42,21.1
0.61985,47,28.97,1,0.55,5.48,52.1,5.4999,22,553.0,15.7,259.52,37.97,39.8
0.11466,15,29.1,1,0.49,6.19,80.6,7.2694,5,574.2,18.6,265.54,30.73,6.5
0.20905,36,4.46,1,0.44,6.37,65.2,6.2862,10,426.1,18.8,343.37,17.96,44.6
0.56388,65,27.4,0,0.57,8.86,48.8,2.6964,1,592.0,24.0,280.05,7.58,35.3
1.05695,94,29.35,0,0.67,6.48,44.2,2.1319,21,261.1,12.1,150.38,39.24,15.7
0.39228,42,7.7,0,0.59,7.63,37.9,4.6526,6,648.6,26.8,321.33,17.93,24.6
0.16613,0,22.23,0,0.53,5.35,97.0,5.4467,10,341.2,12.7,49.6,22.24,6.3
0.01535,83,5.26,0,0.59,6.8,91.5,1.7398,18,418.1,10.5,348.59,3.94,8.2
0.61952,6,14.16,1,0.62,6.56,33.4,5.821,16,199.7,18.1,203.66,11.9,29.8
0.00396,93,18.22,0,0.47,4.45,6.5,9.7094,22,121.0,25.5,218.33,11.23,15.2
0.23315,67,5.39,1,0.48,8.3,15.6,7.2838,20,155.1,17.0,369.07,6.42,13.1
0.37808,31,16.42,1,0.67,4.77,59.6,2.2831,22,101.3,27.0,273.07,35.87,47.6
1.27624,29,22.16,1,0.63,6.17,72.4,6.1262,8,562.4,23.3,31.27,8.56,34.4
0.04688,16,20.02,1,0.62,8.55,86.3,8.2398,17,555.8,24.2,101.16,2.2,6.9
0.26039,67,18.92,1,0.6,7.01,91.0,4.0929,12,350.1,20.3,284.31,39.45,18.3
0.01231,26,3.61,1,0.56,5.93,93.5,4.8604,7,465.2,21.8,37.25,37.64,13.2
0.20974,6,28.69,1,0.51,7.95,97.8,1.0203,7,190.0,13.3,104.52,29.19,48.1
0.48674,11,4.23,1,0.52,4.33,77.9,8.8259,12,606.7,27.7,105.47,33.82,18.8
0.16361,81,18.37,0,0.42,7.8,73.3,5.2316,18,472.6,18.5,283.08,7.09,32.4
0.1177,55,3.89,0,0.67,8.32,34.0,3.2819,13,311.4,18.8,20.65,4.12,28.4
0.06148,43,16.19,1,0.41,7.89,92.9,2.7785,22,613.8,23.6,137.99,34.7,45.8
0.43036,67,26.02,1,0.65,5.43,13.7,4.8447,21,526.4,27.8,170.55,14.98,5.2
0.59416,20,18.91,1,0.54,5.7,54.5,3.011,10,351.0,24.9,29.32,13.59,19.7
0.55731,91,27.26,1,0.46,8.19,45.2,9.071,8,317.9,18.8,183.36,27.86,12.8
1.4866,92,19.76,0,0.59,5.13,89.0,3.0407,24,220.9,19.2,212.56,30.52,40.2
0.00135,14,13.66,0,0.55,6.69,64.2,4.6219,23,204.9,15.6,388.33,24.93,22.5
0.52092,14,14.01,0,0.59,6.79,38.5,2.2671,1,370.9,11.2,349.41,4.72,42.7
0.45864,80,6.35,1,0.51,8.06,9.4,2.0698,5,322.0,28.8,372.22,15.25,28.8
0.44426,99,28.62,1,0.64,4.08,28.9,3.1396,19,136.8,12.0,108.29,1.51,47.8
1.64532,63,9.33,1,0.53,9.0,50.8,1.0268,20,286.1,15.4,60.07,4.8,24.9
0.00851,43,12.0,0,0.52,4.7,39.5,6.3877,14,180.2,28.9,255.4,29.41,20.8
0.59616,27,0.89,0,0.59,5.78,94.9,3.0005,11,581.3,21.6,80.61,11.63,38.1
0.84014,87,11.64,0,0.65,7.35,59.7,4.8833,7,386.9,27.1,234.59,7.23,13.2
0.35648,20,3.5,1,0.43,4.1,70.7,8.2777,12,210.5,23.9,78.29,39.24,33.8
0.20321,23,5.74,0,0.53,6.48,59.6,4.742,20,196.9,10.9,26.06,32.99,7.7
0.78233,34,23.69,1,0.54,4.07,40.5,7.8859,10,591.2,13.0,179.57,27.6,37.7
0.05115,32,14.17,1,0.56,5.27,6.1,7.409,7,434.1,12.4,254.58,13.7,39.8
0.29173,65,25.13,1,0.5,8.6,3.1,8.7547,6,401.8,19.6,37.65,7.54,10.9
0.36693,22,9.69,0,0.46,5.54,65.4,4.5691,12,368.8,26.3,219.89,32.83,44.8
0.59201,21,11.5,1,0.47,8.71,69.5,7.6846,6,546.7,24.4,174.73,37.14,9.1
0.04764,57,24.96,1,0.47,5.94,18.0,6.0682,16,430.2,14.1,102.1,34.68,38.5
0.12923,68,2.03,0,0.52,6.84,63.4,5.6877,19,171.6,18.3,68.75,10.85,46.2
0.26407,45,24.61,1,0.57,7.7,1.1,3.4218,16,141.7,24.0,93.73,4.48,34.0
0.48815,39,6.16,1,0.5,8.17,44.5,5.5766,18,260.7,27.9,358.64,20.66,30.5
1.09001,24,19.65,1,0.65,4.23,27.9,1.4918,16,684.0,28.3,12.75,31.15,37.4
0.48225,86,15.99,1,0.54,5.79,88.3,2.0391,6,149.0,20.1,58.99,39.28,15.0
0.07162,17,23.68,0,0.49,4.32,30.8,5.2977,8,422.8,18.3,207.27,36.72,18.6
1.97073,52,22.99,1,0.5,8.86,39.1,3.6879,13,652.5,23.0,273.06,2.25,42.5
1.02703,90,17.26,1,0.7,5.34,16.0,9.13,5,146.1,23.3,164.13,1.86,9.1
0.3493,8,17.42,1,0.6,6.09,13.1,9.5844,17,214.2,29.5,96.14,25.64,31.4
1.27776,5,22.03,0,0.52,6.08,34.2,8.9087,20,472.6,20.0,109.74,5.98,44.8
0.38977,97,18.32,0,0.67,5.73,75.0,1.3716,8,108.3,20.8,259.76,24.69,8.7
1.28397,86,16.77,1,0.63,4.64,6.8,8.3741,1,655.8,19.2,285.16,1.37,12.7
0.88568,82,14.93,1,0.66,5.2,6.0,5.1417,22,164.4,24.3,388.11,29.93,9.7
1.7255,10,28.73,1,0.45,7.09,81.1,1.4223,5,136.3,16.7,281.4,16.1,9.8
1.26151,62,6.64,0,0.64,7.97,52.4,2.0619,19,215.3,10.7,168.77,30.56,41.1
0.01835,29,13.11,0,0.54,8.21,86.0,8.1502,11,466.2,21.1,98.22,28.02,33.2
0.09605,11,12.56,1,0.42,5.2,61.3,5.3556,22,664.6,15.6,213.86,19.63,15.1
0.24644,30,17.6,1,0.43,4.95,7.8,6.3097,8,387.4,25.0,290.63,20.84,24.4
1.51977,71,20.51,0,0.57,6.31,17.4,1.1831,21,421.2,13.4,46.64,4.52,31.0
0.17836,58,6.68,1,0.52,6.4,44.2,1.3337,3,365.8,26.9,23.92,26.29,36.4
0.08746,94,16.86,0,0.42,5.82,18.8,4.8546,11,421.8,25.2,89.66,25.99,21.1
1.08712,42,27.61,0,0.53,5.75,86.6,5.5436,24,261.6,17.5,167.7,32.82,21.2
0.29565,85,7.03,0,0.64,7.66,98.1,2.4302,6,517.0,13.4,266.87,2.92,22.6
1.19231,71,3.32,1,0.46,8.9,61.9,4.3442,13,526.0,27.1,3.66,8.32,12.3
0.08731,25,8.38,0,0.62,4.06,64.9,1.0325,13,412.5,16.8,215.42,26.86,6.9
0.54105,54,16.58,0,0.53,4.55,88.9,2.2001,1,615.7,12.1,116.35,22.52,32.9
0.29014,83,13.57,1,0.5,5.2,67.8,1.2249,10,496.5,20.2,134.01,17.18,25.7
0.03979,25,13.21,1,0.53,8.42,38.5,8.9225,1,396.1,10.8,173.29,2.05,17.7
0.59613,45,19.63,0,0.59,8.37,24.0,1.5524,4,605.3,13.2,184.01,33.53,25.2
0.14211,3,27.49,0,0.51,6.03,40.9,6.0451,22,450.6,12.6,160.71,12.31,9.3
0.02021,84,5.58,0,0.56,6.0,96.7,6.2668,4,145.6,20.0,34.96,15.23,22.4
0.03091,83,10.46,0,0.42,6.22,8.0,1.0397,22,581.6,16.6,63.66,18.77,32.8
0.03151,37,11.55,0,0.6,4.19,10.3,6.5104,23,607.4,24.5,197.34,22.25,46.9
1.19153,33,4.6,0,0.44,8.33,66.2,8.6315,11,128.8,12.2,154.62,10.4,27.4
0.67331,60,26.72,1,0.45,7.53,60.4,6.194,6,562.2,16.1,398.68,20.45,16.0
1.1417,89,27.97,0,0.61,5.61,73.7,2.6707,15,688.5,16.0,307.85,37.09,25.0
0.55826,7,29.98,0,0.7,4.12,90.1,5.9558,22,574.4,24.9,233.14,8.87,14.7
0.37638,60,7.12,1,0.67,4.91,51.5,7.28,22,338.7,27.6,219.13,22.47,45.9
0.18152,37,2.15,1,0.54,5.61,35.0,7.157,2,530.6,19.9,20.0,38.95,46.9
3.09795,84,4.45,0,0.49,5.48,52.0,6.5091,23,275.3,21.2,270.69,19.71,7.4
0.22486,98,24.63,0,0.53,8.43,17.4,4.4432,13,494.6,25.9,226.17,36.3,38.6
0.31805,16,27.89,1,0.57,7.98,90.0,2.0927,21,410.5,27.4,206.36,2.48,24.8
0.2376,45,10.68,1,0.48,4.96,68.2,1.6426,8,497.3,25.3,306.58,21.43,42.2
1.94432,39,28.87,0,0.62,8.53,87.1,6.5036,11,348.3,15.2,313.2,1.11,31.6
0.09598,33,23.91,1,0.41,6.74,30.2,4.2627,11,192.5,11.5,86.68,11.57,19.1
0.19874,97,10.6,1,0.68,5.52,89.4,1.0185,18,352.6,14.2,73.86,36.75,6.1
0.57026,65,25.53,0,0.62,4.65,15.2,2.3448,13,386.4,22.4,263.87,17.2,44.6
0.03265,73,19.23,1,0.66,8.71,37.0,7.2818,2,506.7,21.0,132.32,19.06,31.8
0.46729,87,13.39,0,0.5,4.33,7.2,7.8231,15,270.7,20.2,181.91,16.72,18.4
0.32471,68,13.56,0,0.68,5.31,61.1,6.2453,22,487.4,11.5,17.75,29.84,10.2
0.16704,24,28.86,0,0.7,8.19,24.2,6.4453,19,240.3,18.2,169.18,16.53,30.0
0.13618,6,8.79,0,0.45,5.4,23.4,3.4638,15,558.9,10.5,376.74,20.93,36.6
0.3613,97,20.09,1,0.57,6.4,99.4,5.397,7,533.3,23.1,275.07,3.47,32.9
0.22938,60,24.13,0,0.66,7.92,24.0,9.4419,2,170.6,14.9,327.76,28.82,5.7
0.30488,88,11.56,0,0.41,6.95,51.2,4.4631,23,455.6,24.1,251.01,21.84,45.1
0.20585,61,13.93,1,0.63,7.57,61.7,6.4898,4,152.8,20.6,234.04,38.97,24.6
1.76158,59,19.27,1,0.41,5.56,96.9,4.2876,7,681.5,11.1,388.34,34.97,8.2
0.07161,74,17.63,0,0.6,4.99,94.4,5.0486,23,303.5,12.8,195.89,14.47,37.0
0.05091,29,22.0,0,0.43,7.02,41.1,8.0457,17,112.2,28.2,316.12,15.53,26.3
0.21033,28,25.67,1,0.43,4.84,11.2,4.5283,21,402.2,27.5,92.56,26.75,22.3
0.44705,24,16.25,0,0.49,6.69,19.4,4.9374,22,173.1,26.3,40.78,18.88,29.8
0.5382,3,28.78,1,0.51,8.21,1.0,3.5841,10,490.6,21.4,72.53,22.63,19.7
0.25313,82,8.43,1,0.55,7.0,0.1,8.4003,15,538.6,17.2,136.92,38.87,15.7
3.61674,21,2.0,1,0.42,7.19,77.7,3.7278,18,615.6,29.2,184.27,4.54,45.8
0.21685,6,11.53,1,0.52,5.38,35.7,7.5785,2,633.2,28.2,355.75,24.2,41.2
0.639,84,28.92,1,0.69,8.95,64.8,9.3482,4,285.7,10.3,237.05,27.43,20.0
0.50748,21,22.92,1,0.54,5.47,56.3,7.9179,13,314.7,12.4,257.04,9.56,18.1
0.83847,27,5.91,1,0.69,5.79,87.9,8.827,19,684.7,20.9,153.98,23.86,39.0
1.86957,26,29.39,1,0.68,5.93,57.5,2.2756,1,360.4,23.8,267.85,31.22,39.8
1.1027,89,21.07,0,0.48,8.75,11.0,4.6231,6,342.8,19.3,161.65,12.13,5.3
0.72315,64,23.98,0,0.64,7.05,87.9,1.2307,6,655.2,13.6,243.23,39.1,43.3
0.59908,3,1.62,1,0.5,4.3,72.3,5.7036,18,212.4,18.4,214.32,6.08,25.1
0.20436,53,21.68,0,0.59,5.89,30.8,9.9885,9,384.4,14.1,123.16,19.48,9.4
0.0799,37,14.51,0,0.5,4.73,75.5,5.8464,22,391.3,26.1,33.44,29.43,32.9
0.03234,7,23.85,0,0.46,4.69,39.3,8.7551,20,545.5,20.8,49.04,18.17,19.4
0.13847,80,21.48,1,0.57,6.97,86.1,9.9084,9,361.2,18.2,229.96,21.07,46.8
0.28306,75,5.29,0,0.66,5.76,49.6,3.9828,14,617.9,12.8,29.24,19.52,41.2
0.36907,11,27.56,1,0.69,6.7,60.6,4.8533,22,502.1,20.3,181.22,3.09,12.6
0.74159,2,17.33,0,0.48,7.1,7.4,5.9209,9,658.6,21.3,359.62,13.54,39.8
1.59394,54,11.57,1,0.6,6.44,83.4,7.5725,3,257.2,23.1,233.06,4.23,16.4
0.0624,5,6.83,1,0.65,5.08,49.2,5.5879,14,587.4,24.1,390.67,30.65,17.9
0.05659,17,23.51,1,0.46,4.46,13.8,2.6628,6,170.1,10.8,115.15,19.63,49.3
0.44543,78,29.12,0,0.55,5.5,5.0,5.5205,18,581.2,17.6,259.97,16.88,10.2
0.68403,5,22.07,1,0.67,6.69,36.2,7.4909,19,609.2,17.4,373.9,30.68,38.5
0.94243,78,18.3,0,0.66,5.4,96.7,7.7779,2,344.0,13.4,139.76,26.63,38.5
1.37313,81,28.51,0,0.4,5.96,83.9,4.7704,7,520.0,16.4,213.43,17.12,14.4
2.04997,30,21.35,1,0.59,8.53,61.2,6.4738,12,681.2,10.9,338.87,6.22,44.7
0.25525,98,13.69,1,0.59,4.13,48.3,9.939,10,211.0,19.2,132.53,19.82,9.0
0.23929,3,9.65,1,0.7,4.41,96.2,4.047,13,470.9,20.3,3.58,8.51,37.3
0.07997,0,5.66,0,0.61,8.1,95.6,1.9975,3,128.5,19.8,396.09,17.36,5.0
0.57749,93,26.21,0,0.56,4.93,51.3,2.27,9,303.2,12.8,162.45,35.35,37.0
0.53467,44,21.69,0,0.45,8.16,15.3,8.2697,20,184.7,12.1,43.79,11.76,32.8
0.99048,44,29.34,1,0.48,7.12,53.3,6.7474,8,422.1,25.2,294.41,17.91,22.1
0.05116,61,2.26,1,0.65,4.55,37.8,4.2995,18,461.9,25.0,130.02,2.23,34.3
0.34436,0,9.44,1,0.42,5.67,73.3,1.476,16,693.6,15.9,67.38,35.87,35.0
0.43504,17,12.19,0,0.4,8.81,41.4,1.8796,7,680.1,23.6,47.4,4.1,32.6
0.13824,29,28.88,1,0.58,4.88,2.2,6.2157,2,629.6,28.8,279.03,25.74,14.1
0.09258,91,17.72,0,0.6,6.07,81.4,6.1321,3,440.5,26.8,397.3,38.89,18.9
0.98156,34,20.4,1,0.65,5.54,79.0,6.0307,9,631.6,15.9,156.77,36.61,44.4
0.03016,100,8.13,0,0.56,6.55,63.8,7.1356,2,313.0,12.7,305.5,2.21,42.6
0.31803,59,7.72,1,0.65,6.17,81.9,8.6824,15,220.6,11.0,261.7,11.54,20.1
0.06156,21,10.28,1,0.65,8.66,4.2,5.875,4,415.6,20.1,168.38,5.2,49.5
0.30538,63,2.52,0,0.52,8.13,75.6,5.2267,6,418.7,19.2,19.57,16.81,47.6
1.95507,94,28.19,1,0.43,6.9,45.5,8.9969,14,646.0,25.0,163.77,18.66,37.1
0.27557,17,12.15,1,0.63,5.67,13.5,8.1015,1,103.4,25.4,11.71,7.52,14.3
0.97289,38,6.02,0,0.69,7.76,9.5,5.5795,8,613.3,11.4,380.9,31.21,15.4
0.06239,79,10.31,0,0.66,6.95,68.9,1.7062,16,464.9,29.4,163.76,14.61,26.5
0.15821,1,5.87,0,0.59,4.81,64.8,3.6325,3,663.8,15.2,231.7,16.57,8.4
0.25858,15,7.68,0,0.43,5.56,9.7,8.7295,11,547.1,17.5,376.29,12.59,45.4
0.25526,86,22.73,1,0.58,6.84,54.3,6.5636,21,319.8,21.5,230.41,12.18,23.4
0.55643,17,7.14,1,0.4,7.5,93.0,1.4695,4,480.9,10.8,68.93,17.38,21.1
0.21134,53,20.97,1,0.58,5.6,79.6,7.7487,7,321.8,24.3,380.65,17.0,25.4
0.62547,22,17.8,1,0.65,8.55,96.3,5.2143,16,652.9,13.8,75.18,21.09,46.5
0.5097,77,4.35,0,0.62,6.04,80.1,1.1233,20,111.8,28.3,51.26,28.65,46.0
0.25471,47,22.91,0,0.58,4.75,65.5,6.8887,14,432.9,14.9,144.98,5.36,16.5
0.28261,66,25.59,1,0.44,5.06,91.2,2.6737,2,404.4,18.3,173.94,4.63,29.7
0.47664,11,28.68,0,0.45,4.99,67.2,1.8006,9,214.1,14.5,390.95,7.06,24.5
0.03631,9,28.77,1,0.65,5.17,50.0,3.3699,23,356.9,22.9,221.62,4.75,7.1
0.86413,40,21.19,1,0.58,5.92,9.2,3.0711,5,278.1,17.5,322.34,7.34,28.6
0.52982,54,8.74,1,0.56,6.32,41.5,7.5671,23,502.2,14.8,307.59,2.22,39.5
0.64794,51,1.14,1,0.46,6.71,18.7,8.6321,2,551.9,26.9,160.89,33.25,39.8
0.38493,47,11.71,1,0.53,8.69,87.3,5.8054,17,562.8,24.1,29.86,32.24,38.0
0.05854,4,21.99,1,0.57,6.85,42.8,4.0561,15,336.6,19.4,47.89,1.93,14.2
0.25963,10,28.22,1,0.59,4.9,48.0,7.7869,3,214.8,15.7,397.09,13.68,8.3
0.25991,6,3.41,0,0.61,6.28,76.4,7.8582,2,276.4,27.4,343.98,25.43,12.6
0.1936,44,16.27,1,0.62,4.84,85.6,3.512,19,420.8,18.4,138.29,6.98,5.4
0.0152,72,14.24,1,0.59,8.56,38.8,1.3315,3,469.2,19.3,333.11,7.69,39.0
0.66828,8,1.37,0,0.45,4.84,39.2,8.696,16,576.9,13.8,359.95,3.63,14.2
0.05815,72,19.52,0,0.56,7.05,14.0,1.7749,22,531.8,26.7,369.36,7.14,24.6
0.46609,18,26.18,0,0.42,6.89,45.8,4.9812,6,204.6,21.0,350.08,26.24,9.2
0.60738,2,13.86,0,0.58,7.12,27.1,4.8779,19,546.4,23.1,74.49,25.56,29.2
0.50364,69,15.7,1,0.69,4.29,16.6,4.4182,3,169.1,18.4,317.39,11.41,23.4
1.59883,93,5.33,0,0.48,5.45,50.0,4.3507,22,650.7,10.4,22.25,11.06,17.3
0.05452,100,3.63,0,0.52,5.77,39.6,8.2788,20,513.9,16.0,322.61,17.21,47.8
1.00933,29,18.42,0,0.48,8.62,69.6,1.5005,6,167.1,10.4,230.76,19.67,19.0
0.01481,27,21.49,1,0.57,7.04,63.4,8.5832,6,601.9,10.6,293.97,36.79,35.1
0.38277,17,8.63,1,0.41,8.04,28.7,8.8658,18,507.1,29.7,219.88,27.42,48.4
0.25896,58,14.98,1,0.7,6.48,89.0,7.8155,6,527.1,11.9,239.01,13.48,36.4
0.37136,11,28.74,0,0.64,5.99,59.1,6.7193,5,392.5,19.0,14.81,30.86,35.9
0.22714,49,1.0,1,0.59,6.42,27.8,7.3621,17,462.8,26.8,12.58,18.26,40.3
0.10571,72,7.07,1,0.64,7.94,9.9,7.0403,12,356.9,18.4,324.85,23.99,34.2
0.00965,88,3.09,0,0.47,4.46,77.3,7.2771,2,440.5,15.0,116.42,26.6,23.4
0.36506,3,24.66,0,0.66,8.77,44.7,6.0906,11,573.9,18.3,322.89,13.68,15.5
0.92504,11,29.77,0,0.7,7.02,92.9,3.9729,20,219.9,26.5,281.4,20.52,48.1
0.23358,57,4.79,0,0.59,4.93,99.1,9.7686,9,625.5,10.9,225.98,4.94,34.1
0.12607,50,22.56,0,0.57,4.22,75.6,6.301,18,283.6,19.8,41.98,34.03,5.3
0.04198,15,8.62,0,0.54,4.64,3.1,3.5201,12,188.5,13.9,26.42,38.14,21.9
0.04459,57,9.86,0,0.59,4.54,74.4,6.6788,3,480.7,11.2,153.59,36.17,6.9
0.12513,3,27.9,0,0.6,6.01,73.2,7.5818,4,414.6,25.7,370.1,2.75,43.6
0.05269,100,21.38,1,0.57,7.46,47.4,9.2283,11,274.9,10.3,90.51,34.26,14.9
0.15397,60,24.36,1,0.63,5.25,55.4,8.304,24,476.9,18.3,168.9,33.84,29.3
0.03422,39,13.64,0,0.51,5.93,75.1,6.5556,3,528.6,20.9,256.68,6.1,14.0
0.03393,85,9.82,0,0.64,6.82,27.4,8.9293,19,263.6,13.5,198.68,29.12,33.7
0.96993,29,4.15,1,0.59,8.07,37.7,6.9271,4,170.0,28.0,10.04,3.1,34.3
0.08844,53,18.76,0,0.5,7.04,96.5,2.2861,17,406.2,18.2,278.11,32.66,39.4
0.41013,67,20.4,0,0.45,4.93,1.0,3.7095,14,269.8,13.6,367.36,32.28,28.7
0.74241,56,27.91,0,0.54,5.22,57.7,2.3303,7,295.1,22.2,239.88,38.74,42.5
0.30478,75,3.75,0,0.54,5.86,52.7,1.9456,6,396.4,22.8,232.17,17.92,39.3
0.08325,79,22.11,1,0.49,6.44,95.3,6.4097,6,538.7,17.8,334.12,20.38,28.3
0.11132,45,16.4,0,0.58,8.42,81.9,2.7179,18,109.0,10.6,333.14,17.81,43.4
0.28368,90,13.72,1,0.4,5.23,66.5,9.3363,7,386.9,23.2,74.7,20.9,10.5
0.37564,79,22.59,0,0.5,8.64,47.2,6.2715,14,174.1,14.8,168.92,32.8,11.3
0.21496,97,18.22,1,0.59,7.87,84.7,3.2854,9,611.9,13.0,327.71,34.87,49.5
0.76044,11,3.08,1,0.41,5.6,25.3,6.0152,17,255.9,26.4,293.93,1.6,10.9
0.69519,5,12.57,0,0.57,8.83,73.9,7.3731,7,342.4,20.1,337.76,27.06,33.4
1.3101,30,29.87,1,0.51,5.84,14.0,5.2156,15,128.5,19.0,51.78,25.34,33.8
0.01469,58,23.03,1,0.63,7.4,94.8,9.1464,3,189.5,25.1,175.79,24.86,22.4
1.1302,68,22.88,1,0.46,8.68,62.3,6.137,22,101.1,19.4,283.58,30.23,24.6
0.24926,59,27.67,1,0.65,7.95,19.5,6.0726,2,316.0,22.2,292.06,29.59,28.3
1.0534,32,21.88,1,0.46,8.43,64.8,2.8929,20,586.4,18.1,28.72,5.19,26.5
0.58686,37,25.44,0,0.58,4.81,68.9,1.7864,24,445.5,27.8,284.78,28.7,33.4
2.185,43,12.03,0,0.46,7.22,48.8,7.904,14,603.9,21.3,250.49,33.34,7.9
0.71207,60,12.0,1,0.56,4.4,36.3,5.7368,24,205.3,28.1,139.57,1.48,15.3
0.22671,45,28.71,1,0.54,8.9,71.0,4.8385,8,506.4,28.0,121.64,13.47,30.5
0.34764,29,22.72,1,0.47,7.49,17.0,8.0344,9,547.5,25.2,11.6,8.81,30.3
0.23611,27,14.14,0,0.58,4.52,36.2,4.613,13,306.4,21.0,156.8,1.73,15.9
0.227,27,14.69,0,0.47,7.96,29.0,6.2896,7,168.6,23.1,122.8,34.88,9.2
0.15116,29,0.5,0,0.55,6.31,14.1,2.0239,21,545.3,14.4,172.6,21.97,14.4
0.34256,72,6.89,1,0.66,4.4,66.9,9.8795,3,412.9,28.4,283.5,29.74,28.8
0.57244,75,14.14,1,0.66,8.02,66.6,2.4793,8,381.8,27.2,58.19,9.49,22.2
0.16241,97,8.81,0,0.59,4.18,89.1,2.5215,12,602.3,25.7,191.98,5.86,18.3
0.37157,78,29.45,0,0.54,7.98,37.9,4.9638,13,395.7,10.5,317.14,7.08,7.2
0.06243,38,3.47,1,0.6,6.87,8.7,3.3274,17,277.0,13.9,99.45,33.99,7.4
0.08708,11,15.17,0,0.64,4.01,39.1,6.6662,24,549.1,28.3,345.47,11.08,41.6
0.02397,74,0.3,0,0.64,6.23,45.4,1.1166,20,261.9,26.2,373.18,25.09,29.7
1.76562,89,8.18,0,0.56,7.05,13.2,5.7625,4,265.8,26.9,45.14,14.82,47.0
0.00193,32,6.73,1,0.49,5.03,92.0,8.3347,16,225.2,18.1,46.28,18.18,16.1
0.09836,50,18.15,0,0.6,5.18,1.8,9.5472,19,162.0,15.1,258.08,34.35,11.2
0.47449,40,26.62,0,0.41,4.32,35.6,7.6591,16,580.9,27.8,206.88,29.64,6.4
0.04244,70,16.99,1,0.69,7.35,35.8,2.6851,11,520.4,17.5,361.43,14.09,31.7
1.0681,30,19.32,0,0.5,4.97,97.9,7.0198,24,329.9,16.0,320.78,35.99,31.7
0.63581,22,8.4,1,0.53,8.31,23.4,7.1098,22,535.0,16.0,200.76,13.32,14.7
1.69647,75,9.27,1,0.56,7.79,58.2,5.423,9,676.7,27.6,27.48,30.26,23.4
0.35427,35,14.97,1,0.62,4.46,92.1,7.8689,18,379.7,13.5,39.55,31.8,10.4
0.17863,84,17.06,1,0.45,6.79,27.8,7.96,14,393.0,26.7,179.4,15.07,11.6
0.3987,68,16.39,0,0.51,6.06,52.6,7.3461,3,417.4,19.6,121.83,21.46,33.4
1.33551,63,7.8,0,0.5,7.89,76.9,3.3149,5,259.9,15.2,377.25,18.92,19.2
0.36778,4,4.38,0,0.42,7.31,19.0,9.3383,13,248.8,21.7,266.34,25.36,18.6
0.15545,49,11.05,1,0.54,4.39,97.7,1.415,17,393.0,15.6,108.21,29.46,32.0
1.04941,29,23.52,0,0.43,8.91,7.0,9.7393,13,400.4,20.3,142.78,36.57,16.1
0.23254,63,17.88,1,0.66,5.28,49.6,5.7862,16,273.6,22.3,32.31,23.77,5.7
0.00069,61,5.46,0,0.56,5.28,61.8,6.8744,2,449.4,21.7,99.88,36.19,18.7
0.1423,91,7.0,1,0.65,5.52,19.7,8.4853,4,562.5,26.3,127.51,39.72,44.3
0.19153,83,27.13,1,0.58,8.88,64.8,2.4629,15,513.7,22.4,256.78,22.28,44.4
0.97871,90,11.89,1,0.68,8.02,22.6,9.0689,19,188.3,14.4,69.02,10.83,46.3
0.30671,26,25.61,0,0.42,4.43,20.0,1.0853,22,485.4,15.9,270.87,26.06,13.7
0.29402,73,29.32,1,0.62,6.09,46.3,9.368,2,102.1,18.0,47.06,29.44,35.1
0.20481,50,10.74,1,0.6,8.28,90.4,4.7027,10,335.6,25.4,357.65,26.28,27.1
1.06297,95,0.39,0,0.64,5.75,82.7,9.9589,18,376.6,28.1,250.57,3.17,16.8
1.45045,94,21.83,1,0.57,5.46,47.2,3.077,9,577.3,10.5,230.99,8.36,34.0
2.40735,17,14.56,1,0.49,7.2,92.7,6.9938,15,628.1,29.9,74.91,10.3,32.5
0.2364,71,26.62,0,0.49,5.84,44.7,8.6426,21,530.9,19.8,296.35,10.56,11.5
1.69287,56,5.08,1,0.67,4.81,71.4,1.2013,8,565.2,12.6,94.42,37.63,39.2
0.78482,35,7.3,0,0.51,6.42,48.6,1.2162,24,659.0,21.3,319.22,27.05,46.0
0.56303,73,14.15,1,0.64,8.06,54.4,1.2981,6,390.7,19.2,311.58,10.06,18.9
0.14045,92,4.07,0,0.63,8.22,82.2,1.0537,7,267.8,11.0,375.76,7.46,9.5
0.12196,47,10.81,1,0.55,7.08,71.0,2.9219,2,322.1,21.6,313.08,2.88,21.4
0.09079,48,0.47,0,0.67,9.0,41.8,8.2387,11,357.2,28.6,145.98,12.04,43.2
1.2804,71,24.05,1,0.49,8.92,81.8,2.9837,3,289.7,19.5,204.26,14.13,25.8
0.17412,67,3.02,1,0.4,5.19,75.4,4.1975,18,282.2,14.6,250.75,11.95,39.4
0.30174,71,17.88,1,0.63,7.85,80.5,1.4192,7,689.6,23.4,107.01,29.07,31.3
0.34057,62,7.87,0,0.63,4.92,29.0,3.7555,11,695.4,15.4,320.02,23.11,48.9
0.75293,72,0.9,1,0.46,6.06,78.6,1.7183,10,485.8,28.3,131.64,5.03,30.1
0.9297,37,3.29,0,0.64,4.05,42.0,3.5621,14,585.9,19.5,52.05,26.33,40.2
0.07487,5,20.98,0,0.66,5.01,49.6,6.1775,5,532.7,25.7,23.81,13.11,22.3
0.27835,97,26.73,0,0.6,5.12,29.7,3.365,7,509.3,11.0,264.0,29.91,25.2
0.92529,55,1.64,1,0.56,8.94,26.0,6.6285,20,187.9,24.6,105.88,20.07,17.2
0.85197,92,8.44,1,0.59,4.21,4.3,6.8799,14,182.0,13.0,340.63,6.49,16.4
0.05402,46,11.95,1,0.59,8.73,45.3,6.197,15,631.5,14.4,308.97,8.13,29.9
0.08503,38,29.36,0,0.65,8.19,5.3,5.0252,6,108.6,27.2,46.08,22.51,35.2
0.18135,49,13.28,1,0.47,4.11,74.1,3.3604,17,507.9,12.5,222.11,12.09,6.6
0.03917,8,24.75,0,0.68,4.68,64.3,2.3238,19,582.9,15.9,386.95,15.9,6.8
0.2764,65,8.43,0,0.68,7.15,30.1,5.1484,3,530.7,17.4,331.69,31.64,6.3
0.05693,66,14.05,1,0.47,5.75,7.4,6.5368,13,186.6,28.2,348.9,22.68,29.0
0.41992,62,24.78,0,0.43,5.71,21.6,2.0322,18,484.3,12.9,105.1,35.21,31.2
0.14155,16,23.06,0,0.6,7.48,4.3,2.9351,4,174.1,22.3,290.19,27.83,29.7
0.45371,61,7.16,0,0.43,8.97,90.5,2.6119,2,377.3,14.1,135.95,7.0,26.8
0.06251,66,7.58,1,0.47,5.66,41.5,3.0728,2,492.9,15.8,331.23,4.88,30.2
1.86244,11,16.45,0,0.45,8.62,59.7,2.0494,19,323.1,18.9,41.06,26.09,18.5
1.34827,31,28.14,1,0.66,7.64,32.9,4.7882,7,410.3,20.9,274.05,21.89,46.1
0.24862,10,3.6,0,0.67,8.23,52.5,3.8864,10,668.2,13.5,257.96,29.64,43.3
0.13865,20,23.16,0,0.49,6.54,54.8,6.4809,14,286.2,21.9,104.53,22.63,27.5
0.14411,100,22.13,1,0.5,6.67,72.0,9.1341,24,205.0,22.1,252.86,39.52,32.5
0.33024,14,25.52,0,0.54,6.73,48.5,6.3842,10,644.5,18.2,364.35,39.28,32.4
0.02041,52,26.68,0,0.44,6.83,29.7,2.6291,4,390.0,14.0,246.07,11.61,15.8
0.51042,71,26.5,1,0.63,4.72,32.7,2.0025,14,397.8,16.7,73.62,31.88,12.2
0.26238,29,27.03,1,0.56,5.04,92.7,6.8908,14,672.1,12.0,122.46,30.88,45.0
0.23693,5,29.42,0,0.49,4.77,77.7,8.3784,18,260.7,24.9,140.62,33.78,22.6
0.8287,14,9.97,0,0.54,4.95,32.9,3.8992,11,577.9,10.3,124.47,17.39,45.9
0.61728,79,27.87,0,0.58,7.32,66.9,5.594,17,436.1,16.6,273.76,37.18,36.2
1.5432,51,28.43,0,0.5,5.03,76.9,8.0792,7,514.0,28.5,380.0,15.69,37.9
0.21688,32,19.45,0,0.48,8.39,18.4,1.152,15,382.4,13.8,201.56,28.82,13.2
1.13915,23,19.94,0,0.44,4.6,70.2,7.2694,1,330.3,20.5,316.1,24.49,44.9
0.73477,91,10.76,1,0.6,8.94,58.5,5.5804,12,186.4,13.0,377.75,15.19,40.7
0.22114,6,22.36,0,0.53,4.01,52.8,7.5377,16,692.5,29.0,149.78,9.89,7.6
0.48599,73,18.08,1,0.43,8.22,41.3,8.8513,2,536.3,26.4,18.51,27.73,45.5
0.17024,65,23.59,1,0.58,4.01,99.2,5.4512,6,373.0,16.3,301.32,36.19,29.5
1.03733,75,4.61,0,0.43,7.93,80.5,8.7029,16,395.8,25.0,294.0,16.54,36.3
0.05963,87,24.44,1,0.44,7.64,10.4,1.1143,9,100.2,21.3,121.3,4.76,42.2
0.1194,70,21.7,0,0.59,7.47,33.1,6.6707,6,117.8,14.4,107.65,11.94,15.4
0.10108,40,16.38,1,0.66,5.75,53.2,9.8822,17,584.5,12.7,281.33,16.63,20.4
0.25794,60,7.79,0,0.62,7.14,78.8,3.6428,4,127.7,15.0,62.56,16.88,41.3
0.6837,36,2.93,0,0.7,7.0,70.9,7.5084,17,563.0,22.6,337.38,25.87,21.7
0.37423,12,14.54,1,0.47,7.7,33.1,3.02,8,528.0,29.1,344.25,5.49,34.4
0.3344,35,4.34,1,0.65,7.55,88.3,9.7576,5,507.6,25.5,226.54,5.39,41.8
0.00027,62,22.85,0,0.58,5.24,54.0,4.9969,8,426.7,28.1,87.52,7.77,39.9
0.27704,69,27.74,1,0.63,7.55,85.6,7.092,7,308.4,13.9,379.6,7.46,32.2
0.03283,62,24.61,0,0.54,5.56,89.0,5.5652,19,683.6,28.3,94.11,7.85,46.6
0.11676,58,9.91,0,0.44,5.93,62.4,1.727,5,646.4,11.7,123.6,1.2,18.4
1.34703,76,4.38,1,0.64,5.44,14.5,8.1729,16,384.6,28.9,176.73,11.69,24.3
0.12129,18,0.24,1,0.5,7.7,60.8,3.1823,12,205.3,12.8,208.29,23.06,39.8
0.97715,0,19.91,0,0.45,8.17,1.8,3.5124,8,240.7,17.2,182.21,39.7,39.3
0.81201,1,5.63,0,0.56,5.24,63.6,1.2739,24,108.4,16.9,0.08,17.03,34.7
0.08667,84,21.5,0,0.56,6.57,20.0,5.996,15,623.4,16.6,344.88,34.0,10.7
0.46534,77,17.26,0,0.48,7.53,86.0,5.8383,14,318.0,24.7,9.5,9.17,31.0
0.06146,90,14.1,0,0.62,8.12,8.6,2.6566,4,391.5,26.8,352.62,37.65,48.5
0.65077,21,23.03,0,0.51,7.64,29.3,7.5156,8,415.9,21.4,329.13,1.66,16.9
0.50731,78,29.43,0,0.56,4.5,0.3,1.4185,20,575.9,20.9,374.68,2.06,8.1
0.83549,13,3.86,1,0.56,7.42,91.3,8.0588,18,469.1,15.2,125.59,15.12,5.7
0.32637,67,16.52,0,0.68,8.53,87.1,9.9435,9,141.6,28.1,71.88,35.14,32.2
1.23175,17,9.4,0,0.69,6.21,23.4,2.4408,10,326.3,21.3,21.71,23.11,7.3
0.0253,5,0.84,0,0.61,7.71,12.0,3.8326,9,373.8,18.2,275.1,2.37,46.6
0.17328,26,0.88,0,0.4,8.81,53.4,3.6316,17,530.9,21.2,62.62,33.77,44.8
0.62773,63,17.33,1,0.64,7.47,52.2,5.9121,13,570.4,12.1,67.13,7.33,45.6
0.27074,27,2.49,0,0.67,5.45,46.5,1.9007,10,103.1,12.2,92.16,15.66,34.2
0.09495,41,1.32,1,0.69,6.26,50.8,5.5094,9,459.2,28.5,111.45,4.33,6.4
0.0567,13,5.19,1,0.41,6.34,60.3,9.0755,6,117.8,14.4,85.44,37.32,30.3
0.85006,45,13.8,1,0.66,8.25,95.0,5.0195,20,601.3,15.4,242.97,1.24,8.5
0.32041,48,15.02,1,0.66,8.84,90.9,7.0798,5,244.0,21.1,204.45,35.26,8.7
1.06974,56,27.46,1,0.46,6.97,70.3,8.4689,15,299.9,19.7,260.27,7.57,7.5
0.6608,58,12.59,1,0.65,4.38,90.2,7.003,24,239.8,21.1,256.82,8.89,10.5
0.26358,17,3.23,1,0.41,8.75,64.9,3.7989,20,620.7,17.3,342.06,9.61,28.8
0.23381,86,6.93,1,0.42,8.97,73.6,3.9411,20,280.4,18.1,14.69,6.55,30.5
0.36246,95,28.36,1,0.58,5.98,61.4,6.9625,24,545.3,13.4,223.08,6.58,40.0
1.09938,89,17.85,0,0.69,8.13,37.5,2.5098,8,467.8,19.9,154.38,34.99,40.2
0.66833,92,10.66,0,0.54,6.17,43.0,1.3921,4,617.6,18.5,315.71,17.27,18.4
0.00258,77,26.78,1,0.51,7.48,57.0,1.2249,8,218.7,28.8,91.42,15.14,25.0
0.59234,7,9.02,1,0.55,4.21,24.5,4.2798,4,410.3,12.6,243.58,10.57,27.9
1.2598,26,26.43,1,0.7,8.45,7.7,7.8297,17,600.2,22.3,107.84,36.29,5.2
0.61972,17,3.63,0,0.6,4.22,69.7,7.5603,6,466.4,29.3,93.87,23.81,44.5
0.0974,68,28.15,0,0.56,5.1,48.8,5.0166,11,107.4,12.0,131.13,14.46,27.4
0.33036,43,28.13,1,0.64,6.84,23.9,3.565,17,252.1,24.4,25.43,8.71,31.1
0.0756,47,10.36,1,0.54,8.41,43.9,1.4583,7,510.6,27.3,298.55,36.6,15.4
0.22236,94,0.53,0,0.55,5.36,3.2,1.1287,12,467.0,16.6,352.52,8.99,39.9
1.38324,92,10.59,1,0.63,4.45,47.6,1.1091,19,637.9,21.4,6.79,3.55,21.3
1.28396,72,5.42,0,0.54,8.05,63.5,6.1274,4,655.3,11.8,260.98,25.59,35.8
0.16623,58,7.98,0,0.44,5.8,64.9,9.1068,18,580.2,16.7,225.16,11.81,28.2
0.20748,27,18.77,1,0.41,7.72,21.1,8.6956,19,210.2,15.0,362.16,7.94,43.0
0.45841,6,13.29,0,0.59,4.96,37.0,2.5887,21,323.2,23.7,274.14,24.6,28.9
1.65109,7,22.09,0,0.43,5.16,48.4,4.071,16,678.8,11.1,167.43,18.8,43.0
0.07997,53,19.11,0,0.67,5.77,95.7,3.1444,10,390.3,19.7,231.28,7.13,19.8
0.14847,26,9.02,0,0.55,7.92,37.1,4.5515,7,300.4,21.1,50.89,23.4,20.8
1.03398,75,9.72,1,0.4,8.69,45.6,4.2463,3,677.2,28.6,64.86,27.02,36.9
0.33853,37,23.94,0,0.48,7.94,99.6,5.2677,24,519.7,28.4,89.53,28.06,36.1
1.14612,93,15.96,1,0.57,4.04,9.0,9.8373,20,517.9,10.1,193.24,10.83,10.0
0.1026,49,3.82,0,0.5,8.04,0.3,8.0835,8,347.4,21.6,106.73,21.24,18.9
0.38036,20,17.6,1,0.51,7.18,20.8,9.2512,4,156.1,18.0,40.22,14.16,10.8
0.19746,93,4.14,0,0.67,7.99,8.5,1.0515,20,690.1,20.7,207.4,37.14,15.5
0.1903,56,26.06,0,0.59,6.86,89.2,5.6667,20,150.9,23.0,279.13,19.77,21.7
0.29609,61,3.88,0,0.47,4.14,50.0,8.7874,14,499.6,15.5,38.58,23.25,49.1
0.28377,55,20.08,1,0.66,8.02,79.4,7.4361,8,130.7,25.2,291.58,21.72,21.7
0.22108,92,26.9,1,0.65,4.38,91.6,3.726,15,108.6,28.4,9.47,39.92,25.1
1.23238,23,2.94,0,0.59,5.74,95.5,7.2004,6,106.0,27.8,279.58,35.94,8.4
0.65791,57,15.91,1,0.47,6.7,31.2,6.0154,20,665.5,25.1,381.23,39.51,21.7
0.65014,9,28.74,0,0.64,5.43,24.6,7.3877,15,377.3,20.5,182.71,10.38,18.6
0.17118,0,8.34,0,0.53,7.8,59.7,5.2762,24,461.2,19.7,26.36,19.81,21.5
0.43103,19,8.43,0,0.48,8.87,55.8,9.6224,9,184.8,24.9,113.07,18.66,10.3
0.7552,71,14.1,0,0.46,6.31,90.0,9.9424,3,392.6,25.5,59.01,28.36,34.6
0.79381,50,28.43,1,0.48,8.76,44.4,9.837,18,411.3,10.2,200.37,29.18,8.5
0.2112,38,24.03,0,0.54,8.59,99.1,5.602,11,191.6,10.8,72.32,17.32,36.3
0.73674,67,8.14,1,0.59,8.09,74.7,8.451,11,374.8,19.6,398.55,21.54,15.6
0.6657,30,6.95,0,0.67,7.63,86.9,9.4765,14,631.9,27.3,167.83,19.16,36.4
0.07629,37,5.96,0,0.65,4.1,59.7,8.9021,1,445.1,14.3,154.94,30.86,25.2
1.00475,56,12.89,1,0.46,8.51,73.6,5.8129,7,211.6,12.9,25.67,20.28,48.2
0.29109,5,24.24,1,0.67,6.86,87.0,9.961,6,673.2,28.7,239.44,27.44,22.5
0.33317,59,4.57,1,0.5,4.66,79.1,3.6037,12,635.7,27.8,49.72,33.1,41.8
0.29744,80,18.51,0,0.56,7.46,54.7,9.6676,24,656.2,15.4,104.7,27.45,47.3
0.41949,90,14.17,0,0.5,5.36,91.9,3.7752,11,568.6,26.8,119.66,15.2,6.7
0.48533,61,19.39,0,0.64,7.46,20.4,6.1813,1,436.8,25.1,39.25,19.66,32.0
0.34476,31,12.1,1,0.43,4.4,24.1,1.6205,18,565.5,29.9,332.01,19.18,16.7
1.00791,70,22.79,0,0.68,8.88,64.3,8.9104,9,471.6,13.3,44.21,38.41,15.5
0.49407,89,9.63,1,0.47,4.33,86.6,6.4183,7,103.4,27.9,193.2,17.99,28.0
0.2566,75,21.67,0,0.48,8.34,14.2,4.5818,16,169.8,11.1,115.63,36.63,47.3
0.26952,17,28.79,1,0.45,5.58,58.5,1.5772,15,165.7,23.5,94.62,36.48,7.8
0.83258,31,17.38,0,0.43,5.47,86.0,7.5645,3,432.3,23.4,89.32,30.12,48.2
0.214,31,19.04,0,0.57,5.97,44.9,4.8887,9,517.4,28.3,267.95,8.88,41.3
0.11878,84,15.74,1,0.53,7.86,34.3,8.0208,23,663.6,14.6,317.52,17.58,45.5
0.03061,90,14.58,0,0.65,5.0,87.9,8.0084,13,640.7,13.4,163.57,26.16,7.3
1.04385,39,5.06,0,0.5,6.24,93.4,8.6601,17,458.7,20.3,127.41,11.01,18.5
1.25386,50,20.63,1,0.63,6.44,65.0,5.0015,19,442.7,29.1,292.41,7.26,10.5
0.06398,74,18.19,0,0.58,8.54,88.2,1.7279,20,141.0,15.6,107.67,19.81,23.1
0.20359,38,16.59,1,0.61,6.77,32.4,6.4337,11,562.7,25.9,348.18,24.39,12.8
0.09641,68,9.19,1,0.54,7.19,57.8,7.2353,23,259.6,16.4,117.55,26.25,8.1
0.06159,39,11.83,0,0.48,8.47,73.5,4.771,17,650.7,15.1,20.5,24.85,34.1
1.15063,79,13.0,0,0.4,5.67,38.6,8.6992,9,232.7,23.7,188.14,12.37,29.0
0.02928,13,19.72,1,0.48,4.36,51.1,9.0828,10,517.8,25.4,119.96,14.58,44.7
1.9683,35,21.78,1,0.57,7.94,100.0,9.3347,13,167.4,10.3,186.38,15.93,12.0
0.05071,11,9.39,0,0.56,7.79,26.7,8.7682,22,396.3,21.7,116.81,8.98,20.7
0.99561,75,18.44,0,0.69,5.62,21.1,8.6846,15,189.4,20.6,394.81,9.07,31.2
0.41794,54,11.11,0,0.61,8.74,18.0,7.5762,18,605.6,17.8,389.81,18.88,8.6
0.22937,36,14.56,1,0.45,8.17,23.5,4.5748,17,468.4,25.7,247.01,6.01,45.2
0.20954,82,2.46,1,0.7,4.01,26.3,2.796,5,686.3,17.1,362.62,5.29,48.5
0.7081,75,17.36,1,0.5,4.53,42.9,3.7803,24,184.6,20.9,125.17,20.71,29.2
0.18886,51,26.89,0,0.58,6.32,75.7,2.0731,19,613.7,18.6,315.16,2.86,42.3
0.53548,34,28.6,1,0.44,8.55,53.6,6.9464,8,540.6,19.0,306.02,16.7,27.1
0.36421,58,10.04,0,0.61,4.88,85.1,1.6101,2,332.3,19.7,142.13,30.2,9.3
0.33176,80,5.1,0,0.68,7.34,0.4,4.3156,6,110.7,13.1,288.59,39.0,23.1
1.15714,28,29.3,0,0.49,8.34,94.0,2.511,14,541.6,26.1,37.45,20.5,28.6
0.40444,9,23.9,0,0.64,8.65,17.1,3.393,22,158.9,15.8,93.03,11.03,38.0
0.87683,8,8.8,1,0.69,7.28,39.9,8.4513,13,585.4,20.3,83.96,25.49,11.1
0.64654,17,0.13,0,0.49,5.76,83.7,6.3768,4,579.1,15.5,250.31,6.65,24.8
0.01966,92,7.93,1,0.45,5.82,64.5,2.9214,15,229.4,27.2,80.7,37.29,36.3
0.74165,25,28.65,1,0.69,7.81,11.7,3.608,19,679.5,26.6,113.42,30.45,33.5
0.12223,94,14.23,0,0.59,8.35,91.4,1.8421,14,575.7,29.0,108.94,6.88,8.8
1.16729,59,8.83,1,0.45,8.81,85.1,1.4631,24,462.8,17.3,377.34,4.81,20.1
0.02194,94,10.27,1,0.57,7.8,42.0,5.3113,24,541.0,27.7,379.2,37.13,7.2
0.20254,59,6.88,0,0.53,6.79,36.5,5.9548,16,381.0,27.2,332.66,38.29,11.7
0.05253,58,16.96,1,0.42,8.57,73.3,6.3716,11,155.7,21.5,180.61,10.8,14.4
0.32274,18,6.52,0,0.67,8.71,56.7,7.7386,16,482.2,13.0,196.03,7.7,23.7
0.85746,12,20.88,0,0.65,6.34,1.8,2.7627,17,349.7,24.1,149.83,27.89,27.5
0.17704,1,14.18,0,0.46,8.74,4.0,5.697,11,687.3,28.9,184.33,39.75,42.0
0.08181,27,4.77,1,0.65,7.02,79.9,5.7923,5,138.0,26.4,56.6,11.05,40.0
0.20044,10,29.65,0,0.64,6.05,40.9,2.7783,23,196.3,11.5,108.39,15.07,27.5
0.84068,67,11.93,1,0.62,8.41,13.1,5.7087,1,640.2,10.5,74.04,15.03,18.9
0.07563,61,11.68,1,0.47,6.1,89.3,7.6004,11,392.2,19.2,352.36,19.15,11.0
0.12897,16,13.29,1,0.41,5.8,72.5,1.9192,9,215.9,28.3,275.99,11.23,44.8
0.03567,27,6.53,1,0.65,8.09,37.4,7.6579,9,287.6,24.4,53.33,22.8,25.5
0.61159,6,28.88,0,0.64,8.88,13.5,5.4454,14,145.8,30.0,172.16,33.43,32.8
0.25146,0,12.73,0,0.46,7.31,5.0,3.6355,11,480.3,22.5,130.26,16.61,36.3
0.18614,7,17.58,1,0.48,5.62,64.0,3.0155,19,652.0,27.6,5.98,11.93,38.5
0.63404,25,10.18,1,0.47,8.18,62.6,4.6338,23,442.1,26.2,295.77,37.45,42.1
0.20472,67,14.42,0,0.56,8.57,74.2,4.6058,2,485.2,20.8,176.08,22.44,27.1
0.65056,59,27.12,1,0.62,4.75,64.8,3.5248,10,275.7,11.8,144.66,10.08,24.5
0.84424,36,5.03,0,0.48,5.55,45.0,6.971,7,525.1,12.6,72.86,14.54,38.9
0.12273,44,23.8,0,0.45,7.09,11.5,4.4072,4,649.1,26.3,195.32,20.54,21.3
1.82135,85,13.86,1,0.62,5.66,37.1,2.1775,14,127.8,17.4,108.66,4.47,7.5
0.08858,72,7.71,1,0.68,7.09,60.8,6.2874,3,230.4,22.1,203.11,2.32,41.7
0.17184,38,20.59,0,0.51,8.14,52.5,2.5724,23,662.0,15.8,100.16,28.72,34.4
0.0991,42,7.33,0,0.54,4.69,29.2,2.0608,16,583.0,27.8,117.06,29.94,25.7
0.21195,97,4.6,1,0.67,7.12,23.6,9.3261,17,142.2,28.3,170.07,19.34,49.1
0.32702,36,9.9,0,0.63,7.32,30.5,4.6443,19,239.8,29.1,244.36,34.71,35.4
0.36926,68,8.79,1,0.45,8.37,6.6,6.5186,15,319.1,28.6,337.03,23.95,11.0
0.96073,91,21.91,0,0.46,7.56,68.6,1.7564,19,291.6,21.3,111.46,30.54,20.8
1.10113,13,22.98,0,0.42,7.94,35.2,3.8648,18,130.8,22.0,130.95,37.5,29.1
0.1243,13,3.17,1,0.48,4.83,30.4,7.3612,22,202.4,29.2,257.87,31.82,40.7
0.48761,41,23.04,0,0.54,4.66,53.7,4.2181,1,269.4,17.5,397.94,13.11,43.4
0.05911,72,7.7,1,0.49,8.52,61.7,7.844,24,191.9,22.6,92.31,5.64,31.6
0.30714,6,6.8,0,0.54,4.83,1.0,6.139,18,596.5,18.8,88.31,2.55,8.5
0.19455,94,21.17,1,0.58,5.85,69.7,3.2547,12,412.2,16.9,328.12,16.23,21.9
0.19026,12,26.21,1,0.68,7.95,69.5,9.741,10,232.9,28.6,319.23,1.29,20.2
0.32945,98,18.22,1,0.68,4.3,44.1,3.992,4,608.6,21.4,131.6,29.78,44.6
0.65435,3,28.17,1,0.59,6.6,58.1,4.9101,17,556.4,19.3,5.9,18.62,11.9
0.03585,16,19.96,0,0.51,6.73,50.4,2.4,20,331.8,11.1,171.81,29.56,16.9
1.0567,5,25.64,0,0.48,4.02,1.5,2.7485,10,604.7,13.1,217.39,20.41,7.1
0.66366,40,15.62,0,0.58,5.97,11.6,8.0356,20,482.5,20.8,304.06,1.58,26.0
0.0971,55,26.57,0,0.59,8.54,61.2,8.8187,4,474.1,29.9,264.38,35.01,12.3
1.39976,29,3.45,0,0.48,6.13,28.1,6.4126,1,162.4,19.2,268.85,36.9,48.9
0.35293,53,11.59,0,0.42,8.57,2.2,9.583,17,344.9,22.5,321.35,24.44,24.4
4.28052,22,8.68,0,0.51,5.58,88.9,8.0737,10,142.8,27.0,309.95,28.27,45.8
0.10986,23,4.48,0,0.69,6.53,91.6,5.0028,11,340.5,28.4,189.3,3.37,14.1
0.38276,36,4.48,0,0.47,8.22,57.7,4.0903,9,135.7,17.3,41.93,28.13,30.7
0.17142,59,13.29,0,0.49,8.91,46.2,1.0249,15,215.7,13.3,325.73,4.28,38.3
0.18133,34,13.27,0,0.49,7.8,14.0,9.3828,6,373.8,29.4,240.71,13.51,40.8
0.4471,70,27.32,0,0.61,5.72,93.0,8.7712,16,470.8,20.5,13.21,12.64,34.9
1.27373,6,28.23,0,0.62,5.57,69.3,8.5374,21,208.6,27.7,315.4,33.82,50.0
0.81805,88,0.57,0,0.53,4.29,37.8,3.0814,2,149.4,16.0,157.34,19.05,37.2
0.64357,76,7.77,0,0.67,5.01,25.6,8.8922,21,624.2,11.8,125.65,3.45,32.5
0.40955,17,0.25,1,0.62,7.8,37.5,3.2253,7,150.1,27.6,206.02,10.45,44.4
1.27744,95,26.44,0,0.67,6.07,92.6,9.6289,8,441.2,18.3,268.62,18.33,37.3
0.33899,48,15.96,0,0.66,4.78,21.7,7.9765,13,574.8,18.8,369.94,37.95,10.9
1.03507,37,4.83,1,0.63,5.49,22.5,5.9954,11,200.5,29.7,10.41,10.41,39.6
0.89783,0,24.91,0,0.5,6.94,41.9,4.6711,9,487.8,18.2,121.87,31.24,11.8
0.12029,74,2.15,0,0.44,8.78,37.7,3.3172,20,538.4,21.5,16.18,7.82,11.7
0.73751,4,25.61,0,0.6,8.8,44.4,4.7057,2,524.3,24.7,337.25,26.05,18.1
0.00612,95,0.48,1,0.61,4.57,60.3,5.61,19,131.0,14.5,281.42,9.8,38.6
0.19492,60,13.65,0,0.63,5.18,89.4,4.0391,7,485.0,15.4,108.23,31.11,31.3
0.1304,10,10.62,0,0.64,6.99,93.9,1.1917,17,194.3,24.8,307.75,22.16,20.6
0.35348,29,19.47,0,0.52,8.56,94.0,2.3126,15,281.2,26.1,253.35,35.81,41.0
0.66752,97,16.51,1,0.51,8.91,0.6,2.3648,6,657.3,14.0,264.05,5.16,9.2
0.05139,13,10.61,1,0.49,7.64,85.6,9.2833,2,131.3,16.2,300.17,8.38,18.4
0.36172,19,29.58,0,0.53,6.06,58.2,4.8563,5,617.0,10.2,64.39,30.88,43.2
1.39364,41,12.88,0,0.66,8.36,40.1,7.0051,7,430.7,17.7,240.18,14.1,21.3
0.1298,76,14.54,0,0.4,6.1,64.2,5.8488,12,118.8,28.0,207.06,3.71,19.7
0.56527,44,18.86,1,0.57,7.33,56.9,2.7926,15,552.4,18.0,136.19,28.42,29.1
